{
"__comment": "Designed by Mickyp123 with BDcraft Cubik PRO 0.96 Beta - http://bdcraft.net",
"textures": {
    "book": "items/cover",
    "paper": "items/paper",
    "brown": "items/brown",
    "green": "items/green"
},
"elements": [ 
{
    "from": [ 6, 1.5, 4.5 ],
    "to": [ 10.5, 2, 10.5 ],
    "faces": {
        "down":  { "uv": [ 10, 10.5, 5.5, 4.5 ], "texture": "#book" },
        "up":    { "uv": [ 6, 4.5, 10.5, 10.5 ], "texture": "#book" },
        "north": { "uv": [ 5.5, 14, 10, 14.5 ], "texture": "#book" },
        "south": { "uv": [ 6, 14, 10.5, 14.5 ], "texture": "#book" },
        "west":  { "uv": [ 4.5, 14, 10.5, 14.5 ], "texture": "#book" },
        "east":  { "uv": [ 5.5, 14, 11.5, 14.5 ], "texture": "#book" }
    }
},
{
    "from": [ 6, 0, 4.5 ],
    "to": [ 10.5, 0.5, 10.5 ],
    "faces": {
        "down":  { "uv": [ 10, 10.5, 5.5, 4.5 ], "texture": "#book" },
        "up":    { "uv": [ 6, 4.5, 10.5, 10.5 ], "texture": "#book" },
        "north": { "uv": [ 5.5, 15.5, 10, 16 ], "texture": "#book" },
        "south": { "uv": [ 6, 15.5, 10.5, 16 ], "texture": "#book" },
        "west":  { "uv": [ 4.5, 15.5, 10.5, 16 ], "texture": "#book" },
        "east":  { "uv": [ 5.5, 15.5, 11.5, 16 ], "texture": "#book" }
    }
},
{
    "from": [ 6.5, 0.5, 5 ],
    "to": [ 10, 1.5, 10 ],
    "faces": {
        "down":  { "uv": [ 13.25, 9.25, 11, 3.5 ], "texture": "#paper" },
        "up":    { "uv": [ 11.5, 5, 13.5, 10.25 ], "texture": "#paper" },
        "north": { "uv": [ 11.5, 7, 13.75, 12 ], "texture": "#paper" },
        "south": { "uv": [ 11.25, 6.25, 13, 12 ], "texture": "#paper" },
        "west":  { "uv": [ 11, 5.25, 14, 11.5 ], "texture": "#paper" },
        "east":  { "uv": [ 11, 3.25, 13.5, 8.5 ], "texture": "#paper" }
    }
},
{
    "from": [ 6, 0.5, 4.5 ],
    "to": [ 6.5, 1.5, 10.5 ],
    "faces": {
        "down":  { "uv": [ 10, 10.5, 9.5, 4.5 ], "texture": "#brown" },
        "up":    { "uv": [ 6, 4.5, 6.5, 10.5 ], "texture": "#brown" },
        "north": { "uv": [ 9.5, 14.5, 10, 15.5 ], "texture": "#brown" },
        "south": { "uv": [ 6, 14.5, 6.5, 15.5 ], "texture": "#brown" },
        "west":  { "uv": [ 4.5, 14.5, 10.5, 15.5 ], "texture": "#brown" },
        "east":  { "uv": [ 5.5, 14.5, 11.5, 15.5 ], "texture": "#brown" }
    }
},
{
    "from": [ 3.9375, 3.5, 7.1875 ],
    "to": [ 8.4375, 4, 13.4375 ],
    "rotation": { "origin": [ 3.9375, 3.5, 7.1875 ], "axis": "y", "angle": 45 },
    "faces": {
        "down":  { "uv": [ 10, 10.5, 5.5, 4.5 ], "texture": "#book" },
        "up":    { "uv": [ 6, 4.5, 10.5, 10.5 ], "texture": "#book" },
        "north": { "uv": [ 5.5, 14, 10, 14.5 ], "texture": "#book" },
        "south": { "uv": [ 6, 14, 10.5, 14.5 ], "texture": "#book" },
        "west":  { "uv": [ 4.5, 14, 10.5, 14.5 ], "texture": "#book" },
        "east":  { "uv": [ 5.5, 14, 11.5, 14.5 ], "texture": "#book" }
    }
},
{
    "from": [ 4, 2.5, 7.25 ],
    "to": [ 4.5, 3.5, 13.25 ],
    "rotation": { "origin": [ 4, 2.5, 7.25 ], "axis": "y", "angle": 45 },
    "faces": {
        "down":  { "uv": [ 4.75, 4.75, 8, 7.75 ], "texture": "#brown" },
        "up":    { "uv": [ 3.75, 4, 7.25, 7.25 ], "texture": "#brown" },
        "north": { "uv": [ 3.5, 3.75, 5.75, 7 ], "texture": "#brown" },
        "south": { "uv": [ 7.5, 6.25, 10.25, 8.5 ], "texture": "#brown" },
        "west":  { "uv": [ 5.75, 6.5, 9.25, 9 ], "texture": "#brown" },
        "east":  { "uv": [ 6.25, 5.25, 9.5, 7.5 ], "texture": "#brown" }
    }
},
{
    "from": [ 4, 2, 7.25 ],
    "to": [ 8.5, 2.5, 13.25 ],
    "rotation": { "origin": [ 4, 2, 7.25 ], "axis": "y", "angle": 45 },
    "faces": {
        "down":  { "uv": [ 16, 10.5, 11.5, 4.5 ], "texture": "#book" },
        "up":    { "uv": [ 0, 4.5, 4.5, 10.5 ], "texture": "#book" },
        "north": { "uv": [ 11.5, 10.5, 16, 11 ], "texture": "#book" },
        "south": { "uv": [ 0, 10.5, 4.5, 11 ], "texture": "#book" },
        "west":  { "uv": [ 4.5, 10.5, 10.5, 11 ], "texture": "#book" },
        "east":  { "uv": [ 5.5, 10.5, 11.5, 11 ], "texture": "#book" }
    }
},
{
    "from": [ 4.5, 2.5, 7.25 ],
    "to": [ 8.5, 3.5, 12.5 ],
    "rotation": { "origin": [ 4.5, 2.5, 7.25 ], "axis": "y", "angle": 45 },
    "faces": {
        "down":  { "uv": [ 13.25, 9.25, 10.75, 2.75 ], "texture": "#paper" },
        "up":    { "uv": [ 11, 4.25, 13.75, 11.75 ], "texture": "#paper" },
        "north": { "uv": [ 12, 4.75, 14.5, 12.5 ], "texture": "#paper" },
        "south": { "uv": [ 10.75, 4.75, 14, 11 ], "texture": "#paper" },
        "west":  { "uv": [ 11.5, 4.75, 14, 12.25 ], "texture": "#paper" },
        "east":  { "uv": [ 10.75, 4.5, 13.75, 11.25 ], "texture": "#paper" }
    }
},
{
    "from": [ 6, 4, 4.5 ],
    "to": [ 10.5, 4.5, 10.5 ],
    "faces": {
        "down":  { "uv": [ 10, 10.5, 5.5, 4.5 ], "texture": "#brown" },
        "up":    { "uv": [ 6, 4.5, 10.5, 10.5 ], "texture": "#brown" },
        "north": { "uv": [ 5.5, 14, 10, 14.5 ], "texture": "#brown" },
        "south": { "uv": [ 6, 14, 10.5, 14.5 ], "texture": "#brown" },
        "west":  { "uv": [ 4.5, 14, 10.5, 14.5 ], "texture": "#brown" },
        "east":  { "uv": [ 5.5, 14, 11.5, 14.5 ], "texture": "#brown" }
    }
},
{
    "from": [ 6.5, 4.5, 5 ],
    "to": [ 10, 5.5, 10 ],
    "faces": {
        "down":  { "uv": [ 13.25, 8.25, 11.25, 2.5 ], "texture": "#paper" },
        "up":    { "uv": [ 11.5, 4.25, 14, 9.75 ], "texture": "#paper" },
        "north": { "uv": [ 11, 3, 14, 10 ], "texture": "#paper" },
        "south": { "uv": [ 10.25, 2.75, 13.75, 10.75 ], "rotation": 270, "texture": "#paper" },
        "west":  { "uv": [ 10.5, 4.75, 13.75, 10.5 ], "texture": "#paper" },
        "east":  { "uv": [ 11, 3.25, 13.75, 9.75 ], "texture": "#paper" }
    }
},
{
    "from": [ 6, 5.5, 4.5 ],
    "to": [ 10.5, 6, 10.5 ],
    "faces": {
        "down":  { "uv": [ 10, 10.5, 5.5, 4.5 ], "texture": "#brown" },
        "up":    { "uv": [ 6, 4.5, 10.5, 10.5 ], "texture": "#brown" },
        "north": { "uv": [ 5.5, 10, 10, 10.5 ], "texture": "#brown" },
        "south": { "uv": [ 6, 10, 10.5, 10.5 ], "texture": "#brown" },
        "west":  { "uv": [ 4.5, 10, 10.5, 10.5 ], "texture": "#brown" },
        "east":  { "uv": [ 5.5, 10, 11.5, 10.5 ], "texture": "#brown" }
    }
},
{
    "from": [ 10, 4.5, 4.5 ],
    "to": [ 10.5, 5.5, 10.5 ],
    "faces": {
        "down":  { "uv": [ 6, 10.5, 5.5, 4.5 ], "texture": "#brown" },
        "up":    { "uv": [ 10, 4.5, 10.5, 10.5 ], "texture": "#brown" },
        "north": { "uv": [ 5.5, 10.5, 6, 11.5 ], "texture": "#brown" },
        "south": { "uv": [ 10, 10.5, 10.5, 11.5 ], "texture": "#brown" },
        "west":  { "uv": [ 4.5, 10.5, 10.5, 11.5 ], "texture": "#brown" },
        "east":  { "uv": [ 5.5, 10.5, 11.5, 11.5 ], "texture": "#brown" }
    }
},
{
    "from": [ 2.75, 0.5, 4.75 ],
    "to": [ 3.75, 4, 10.25 ],
    "rotation": { "origin": [ 2.75, 4, 4.75 ], "axis": "z", "angle": -22.5 },
    "faces": {
        "down":  { "uv": [ 13.75, 8.25, 11.75, 2.75 ], "texture": "#paper" },
        "up":    { "uv": [ 11.5, 1.75, 13.25, 6.75 ], "texture": "#paper" },
        "north": { "uv": [ 10.75, 2.25, 13, 8 ], "texture": "#paper" },
        "south": { "uv": [ 11.5, 3, 13, 7.25 ], "texture": "#paper" },
        "west":  { "uv": [ 11.25, 2.25, 13.25, 8.75 ], "texture": "#paper" },
        "east":  { "uv": [ 11.25, 1.75, 13.5, 7.25 ], "texture": "#paper" }
    }
},
{
    "from": [ 1.5, 0.375, 4.5 ],
    "to": [ 2.5, 0.875, 10.5 ],
    "rotation": { "origin": [ 1.5, 0.875, 4.5 ], "axis": "z", "angle": -22.5 },
    "faces": {
        "down":  { "uv": [ 11, 10.5, 10.5, 4.5 ], "texture": "#green" },
        "up":    { "uv": [ 5, 4.5, 5.5, 10.5 ], "texture": "#green" },
        "north": { "uv": [ 10.5, 2.75, 11, 3.75 ], "texture": "#green" },
        "south": { "uv": [ 5, 2.75, 5.5, 3.75 ], "texture": "#green" },
        "west":  { "uv": [ 4.5, 2.75, 10.5, 3.75 ], "texture": "#green" },
        "east":  { "uv": [ 5.5, 2.75, 11.5, 3.75 ], "texture": "#green" }
    }
},
{
    "from": [ 2.75, 0.125, 4.5 ],
    "to": [ 3.25, 4.625, 10.5 ],
    "rotation": { "origin": [ 2.75, 4.625, 4.5 ], "axis": "z", "angle": -22.5 },
    "faces": {
        "down":  { "uv": [ 10.5, 10.5, 10, 4.5 ], "texture": "#green" },
        "up":    { "uv": [ 5.5, 4.5, 6, 10.5 ], "texture": "#green" },
        "north": { "uv": [ 10, 3.25, 10.5, 7.75 ], "texture": "#green" },
        "south": { "uv": [ 5.5, 3.25, 6, 7.75 ], "texture": "#green" },
        "west":  { "uv": [ 4.5, 3.25, 10.5, 7.75 ], "texture": "#green" },
        "east":  { "uv": [ 5.5, 3.25, 11.5, 7.75 ], "texture": "#green" }
    }
},
{
    "from": [ 3.75, -0.25, 4.5 ],
    "to": [ 4.25, 4.25, 10.5 ],
    "rotation": { "origin": [ 3.75, 4.25, 4.5 ], "axis": "z", "angle": -22.5 },
    "faces": {
        "down":  { "uv": [ 10.5, 10.5, 10, 4.5 ], "texture": "#green" },
        "up":    { "uv": [ 5.5, 4.5, 6, 10.5 ], "texture": "#green" },
        "north": { "uv": [ 10, 3.25, 10.5, 7.75 ], "texture": "#green" },
        "south": { "uv": [ 5.5, 3.25, 6, 7.75 ], "texture": "#green" },
        "west":  { "uv": [ 4.5, 3.25, 10.5, 7.75 ], "texture": "#green" },
        "east":  { "uv": [ 5.5, 3.25, 11.5, 7.75 ], "texture": "#green" }
    }
}
],
"display": {
    "thirdperson_righthand": {
        "rotation": [ 72, 0, 0 ],
        "translation": [ -3.78, 2.65, 6.8 ],
        "scale": [ 1, 1, 1 ]
    },
    "thirdperson_lefthand": {
        "rotation": [ 72, 0, 0 ],
        "translation": [ -8.31, 2.65, 6.8 ],
        "scale": [ 1, 1, 1 ]
    },
    "ground": {
        "rotation": [ 0, 0, 0 ],
        "translation": [ 1.32, 4.54, 0 ],
        "scale": [ 1, 1, 1 ]
    },
    "fixed": {
        "rotation": [ 0, 0, 0 ],
        "translation": [ 3.78, 8.5, 0 ],
        "scale": [ 2, 2, 2 ]
    },
    "firstperson_righthand": {
        "rotation": [ 0, 0, 0 ],
        "translation": [ 0, 5.67, 0 ],
        "scale": [ 1, 1, 1 ]
    },
    "firstperson_lefthand": {
        "rotation": [ 0, 0, 0 ],
        "translation": [ 0, 5.67, 0 ],
        "scale": [ 1, 1, 1 ]
    },
    "gui": {
        "rotation": [ 0, 0, 0 ],
        "translation": [ 2.65, 4.72, 0 ],
        "scale": [ 1.5, 1.5, 1.5 ]
    }
}
}