{
	"__comment": "Designed by Thelaststraw8 with BDcraft Cubik PRO 0.95 Beta - http://bdcraft.net",
	"textures": {
		"texture": "items/xm1014"
	},
	"elements": [
		{
			"from": [ 0.25, 6.625, 7.75 ],
			"to": [ 0.875, 8.5, 8.375 ],
			"faces": {
				"down": { "uv": [ 15.75, 8.375, 15.125, 7.75 ], "texture": "#texture" },
				"up": { "uv": [ 0.25, 7.75, 0.875, 8.375 ], "texture": "#texture" },
				"north": { "uv": [ 0.25, 7.5, 0.875, 9.375 ], "texture": "#texture" },
				"south": { "uv": [ 0.25, 7.5, 0.875, 9.375 ], "texture": "#texture" },
				"west": { "uv": [ 0.375, 7.625, 1, 9.5 ], "texture": "#texture" },
				"east": { "uv": [ 0.375, 7.625, 1, 9.5 ], "texture": "#texture" }
			}
		},
		{
			"from": [ 0.3125, 6.625, 7.875 ],
			"to": [ 3.4375, 7, 8.25 ],
			"rotation": { "origin": [ 0.3125, 7, 7.875 ], "axis": "z", "angle": 22.5 },
			"faces": {
				"down": { "uv": [ 1.375, 11, 4, 11.375 ], "texture": "#texture" },
				"up": { "uv": [ 1.375, 11, 4, 11.375 ], "texture": "#texture" },
				"north": { "uv": [ 1.25, 11, 3.875, 11.375 ], "texture": "#texture" },
				"south": { "uv": [ 1.25, 11, 3.875, 11.375 ], "texture": "#texture" },
				"west": { "uv": [ 1.5, 11, 3.875, 11.375 ], "texture": "#texture" },
				"east": { "uv": [ 7.875, 9, 8.25, 9.375 ], "texture": "#texture" }
			}
		},
		{
			"from": [ 3.0625, 7.8125, 7.9375 ],
			"to": [ 4.6875, 8.0625, 8.1875 ],
			"rotation": { "origin": [ 3.0625, 8.0625, 7.9375 ], "axis": "z", "angle": 22.5 },
			"faces": {
				"down": { "uv": [ 3.0625, 7.9375, 4.6875, 8.1875 ], "texture": "#texture" },
				"up": { "uv": [ 3.0625, 7.9375, 4.6875, 8.1875 ], "texture": "#texture" },
				"north": { "uv": [ 3.875, 11, 5.25, 11.25 ], "texture": "#texture" },
				"south": { "uv": [ 3.875, 11, 5.25, 11.25 ], "texture": "#texture" },
				"west": { "uv": [ 7.9375, 7.9375, 8.1875, 8.1875 ], "texture": "#texture" },
				"east": { "uv": [ 7.9375, 7.9375, 8.1875, 8.1875 ], "texture": "#texture" }
			}
		},
		{
			"from": [ 0.75, 8.25, 7.75 ],
			"to": [ 1.125, 8.375, 8.375 ],
			"faces": {
				"down": { "uv": [ 15.25, 8.375, 14.875, 7.75 ], "texture": "#texture" },
				"up": { "uv": [ 0.75, 7.75, 1.125, 8.375 ], "texture": "#texture" },
				"north": { "uv": [ 14.875, 7.625, 15.25, 7.75 ], "texture": "#texture" },
				"south": { "uv": [ 0.75, 7.625, 1.125, 7.75 ], "texture": "#texture" },
				"west": { "uv": [ 7.75, 7.625, 8.375, 7.75 ], "texture": "#texture" },
				"east": { "uv": [ 7.625, 7.625, 8.25, 7.75 ], "texture": "#texture" }
			}
		},
		{
			"from": [ 1, 7.25, 7.75 ],
			"to": [ 1.125, 8.25, 8.375 ],
			"faces": {
				"down": { "uv": [ 15, 8.375, 14.875, 7.75 ], "texture": "#texture" },
				"up": { "uv": [ 1, 7.75, 1.125, 8.375 ], "texture": "#texture" },
				"north": { "uv": [ 14.875, 7.75, 15, 8.75 ], "texture": "#texture" },
				"south": { "uv": [ 1, 7.75, 1.125, 8.75 ], "texture": "#texture" },
				"west": { "uv": [ 7.75, 7.75, 8.375, 8.75 ], "texture": "#texture" },
				"east": { "uv": [ 7.625, 7.75, 8.25, 8.75 ], "texture": "#texture" }
			}
		},
		{
			"from": [ 0.875, 7.25, 7.75 ],
			"to": [ 1.25, 7.375, 8.375 ],
			"faces": {
				"down": { "uv": [ 15.125, 8.375, 14.75, 7.75 ], "texture": "#texture" },
				"up": { "uv": [ 0.875, 7.75, 1.25, 8.375 ], "texture": "#texture" },
				"north": { "uv": [ 14.75, 8.625, 15.125, 8.75 ], "texture": "#texture" },
				"south": { "uv": [ 0.875, 8.625, 1.25, 8.75 ], "texture": "#texture" },
				"west": { "uv": [ 7.75, 8.625, 8.375, 8.75 ], "texture": "#texture" },
				"east": { "uv": [ 7.625, 8.625, 8.25, 8.75 ], "texture": "#texture" }
			}
		},
		{
			"from": [ 1, 7.5, 7.6875 ],
			"to": [ 3, 7.75, 8.4375 ],
			"rotation": { "origin": [ 1, 7.75, 7.6875 ], "axis": "z", "angle": 22.5 },
			"faces": {
				"down": { "uv": [ 15, 8.375, 13, 7.75 ], "texture": "#texture" },
				"up": { "uv": [ 1, 7.75, 3, 8.375 ], "texture": "#texture" },
				"north": { "uv": [ 13, 8.125, 15, 8.375 ], "texture": "#texture" },
				"south": { "uv": [ 1, 8.125, 3, 8.375 ], "texture": "#texture" },
				"west": { "uv": [ 7.75, 8.125, 8.375, 8.375 ], "texture": "#texture" },
				"east": { "uv": [ 7.625, 8.125, 8.25, 8.375 ], "texture": "#texture" }
			}
		},
		{
			"from": [ 1, 8.375, 7.75 ],
			"to": [ 2.875, 8.625, 8.375 ],
			"faces": {
				"down": { "uv": [ 15, 8.375, 13.125, 7.75 ], "texture": "#texture" },
				"up": { "uv": [ 1, 7.75, 2.875, 8.375 ], "texture": "#texture" },
				"north": { "uv": [ 13.125, 7.375, 15, 7.625 ], "texture": "#texture" },
				"south": { "uv": [ 1, 7.375, 2.875, 7.625 ], "texture": "#texture" },
				"west": { "uv": [ 7.75, 7.375, 8.375, 7.625 ], "texture": "#texture" },
				"east": { "uv": [ 7.625, 7.375, 8.25, 7.625 ], "texture": "#texture" }
			}
		},
		{
			"from": [ 1, 7.75, 7.75 ],
			"to": [ 1.875, 8.375, 8.375 ],
			"faces": {
				"down": { "uv": [ 15, 8.375, 14.5, 7.75 ], "texture": "#texture" },
				"up": { "uv": [ 1, 7.75, 1.5, 8.375 ], "texture": "#texture" },
				"north": { "uv": [ 14.5, 7.625, 15, 8.125 ], "texture": "#texture" },
				"south": { "uv": [ 1, 7.625, 1.5, 8.125 ], "texture": "#texture" },
				"west": { "uv": [ 7.75, 7.625, 8.375, 8.125 ], "texture": "#texture" },
				"east": { "uv": [ 7.625, 7.625, 8.25, 8.125 ], "texture": "#texture" }
			}
		},
		{
			"from": [ 1.25, 8.125, 7.75 ],
			"to": [ 2.5, 8.5, 8.375 ],
			"faces": {
				"down": { "uv": [ 14.75, 8.375, 13.75, 7.75 ], "texture": "#texture" },
				"up": { "uv": [ 1.25, 7.75, 2.25, 8.375 ], "texture": "#texture" },
				"north": { "uv": [ 13.75, 7.5, 14.75, 8 ], "texture": "#texture" },
				"south": { "uv": [ 1.25, 7.5, 2.25, 8 ], "texture": "#texture" },
				"west": { "uv": [ 7.75, 7.5, 8.375, 8 ], "texture": "#texture" },
				"east": { "uv": [ 7.625, 7.5, 8.25, 8 ], "texture": "#texture" }
			}
		},
		{
			"from": [ 5.625, 8.25, 7.75 ],
			"to": [ 6.5, 9.25, 8.375 ],
			"faces": {
				"down": { "uv": [ 5.625, 7.75, 6.5, 8.375 ], "texture": "#texture" },
				"up": { "uv": [ 5.625, 7.75, 6.5, 8.375 ], "texture": "#texture" },
				"north": { "uv": [ 5.625, 6.75, 6.5, 7.75 ], "texture": "#texture" },
				"south": { "uv": [ 5.625, 6.75, 6.5, 7.75 ], "texture": "#texture" },
				"west": { "uv": [ 7.75, 6.75, 8.375, 7.75 ], "texture": "#texture" },
				"east": { "uv": [ 7.75, 6.75, 8.375, 7.75 ], "texture": "#texture" }
			}
		},
		{
			"from": [ 6.4375, 8.1875, 7.75 ],
			"to": [ 8.6875, 8.8125, 8.375 ],
			"faces": {
				"down": { "uv": [ 6.4375, 7.75, 8.6875, 8.375 ], "texture": "#texture" },
				"up": { "uv": [ 6.4375, 7.75, 8.6875, 8.375 ], "texture": "#texture" },
				"north": { "uv": [ 6.4375, 7.1875, 8.6875, 7.8125 ], "texture": "#texture" },
				"south": { "uv": [ 6.4375, 7.1875, 8.6875, 7.8125 ], "texture": "#texture" },
				"west": { "uv": [ 7.75, 7.1875, 8.375, 7.8125 ], "texture": "#texture" },
				"east": { "uv": [ 7.75, 7.1875, 8.375, 7.8125 ], "texture": "#texture" }
			}
		},
		{
			"from": [ 4.5, 8.25, 7.8125 ],
			"to": [ 5.75, 8.625, 8.3125 ],
			"rotation": { "origin": [ 4.5, 8.625, 7.8125 ], "axis": "z", "angle": 22.5 },
			"faces": {
				"down": { "uv": [ 0, 0, 3.625, 0 ], "texture": "#texture" },
				"up": { "uv": [ 0, 0, 1, 0 ], "texture": "#texture" },
				"north": { "uv": [ 0, 0, 0, 0 ], "texture": "#texture" },
				"south": { "uv": [ 0, 0, 0, 0 ], "texture": "#texture" },
				"west": { "uv": [ 0, 0, 0, 0 ], "texture": "#texture" },
				"east": { "uv": [ 0, 0, 0, 0 ], "texture": "#texture" }
			}
		},
		{
			"from": [ 4.25, 8.25, 7.75 ],
			"to": [ 5.625, 8.5, 8.375 ],
			"faces": {
				"down": { "uv": [ 4.25, 7.75, 5.625, 8.375 ], "texture": "#texture" },
				"up": { "uv": [ 4.25, 7.75, 5.625, 8.375 ], "texture": "#texture" },
				"north": { "uv": [ 4.25, 7.5, 5.625, 7.75 ], "texture": "#texture" },
				"south": { "uv": [ 4.25, 7.5, 5.625, 7.75 ], "texture": "#texture" },
				"west": { "uv": [ 7.75, 7.5, 8.375, 7.75 ], "texture": "#texture" },
				"east": { "uv": [ 7.75, 7.5, 8.375, 7.75 ], "texture": "#texture" }
			}
		},
		{
			"from": [ 5.125, 8.375, 7.8125 ],
			"to": [ 5.75, 8.75, 8.3125 ],
			"faces": {
				"down": { "uv": [ 5.125, 7.75, 5.75, 8.375 ], "texture": "#texture" },
				"up": { "uv": [ 5.125, 7.75, 5.75, 8.375 ], "texture": "#texture" },
				"north": { "uv": [ 5.125, 7.25, 5.75, 7.625 ], "texture": "#texture" },
				"south": { "uv": [ 5.125, 7.25, 5.75, 7.625 ], "texture": "#texture" },
				"west": { "uv": [ 7.75, 7.25, 8.375, 7.625 ], "texture": "#texture" },
				"east": { "uv": [ 7.75, 7.25, 8.375, 7.625 ], "texture": "#texture" }
			}
		},
		{
			"from": [ 8.625, 8.8125, 7.875 ],
			"to": [ 15.5625, 9.0625, 8.25 ],
			"faces": {
				"down": { "uv": [ 8.625, 7.875, 15.5625, 8.25 ], "texture": "#texture" },
				"up": { "uv": [ 8.625, 7.875, 15.5625, 8.25 ], "texture": "#texture" },
				"north": { "uv": [ 8.625, 6.9375, 15.5625, 7.1875 ], "texture": "#texture" },
				"south": { "uv": [ 8.625, 6.9375, 15.5625, 7.1875 ], "texture": "#texture" },
				"west": { "uv": [ 7.875, 6.9375, 8.25, 7.1875 ], "texture": "#texture" },
				"east": { "uv": [ 7.875, 6.9375, 8.25, 7.1875 ], "texture": "#texture" }
			}
		},
		{
			"from": [ 14.875, 8.75, 7.9375 ],
			"to": [ 15.125, 9.5, 8.25 ],
			"rotation": { "origin": [ 14.875, 9.5, 7.9375 ], "axis": "z", "angle": 22.5 },
			"faces": {
				"down": { "uv": [ 14.875, 7.9375, 15.125, 8.25 ], "texture": "#texture" },
				"up": { "uv": [ 14.875, 7.9375, 15.125, 8.25 ], "texture": "#texture" },
				"north": { "uv": [ 0.875, 6.5, 1.125, 7.25 ], "texture": "#texture" },
				"south": { "uv": [ 0.875, 6.5, 1.125, 7.25 ], "texture": "#texture" },
				"west": { "uv": [ 8.25, 5.375, 8.5625, 6.125 ], "texture": "#texture" },
				"east": { "uv": [ 8.25, 5.375, 8.5625, 6.125 ], "texture": "#texture" }
			}
		},
		{
			"from": [ 11.625, 8.25, 7.875 ],
			"to": [ 14.6875, 8.5625, 8.25 ],
			"faces": {
				"down": { "uv": [ 11.625, 7.875, 14.6875, 8.25 ], "texture": "#texture" },
				"up": { "uv": [ 11.625, 7.875, 14.6875, 8.25 ], "texture": "#texture" },
				"north": { "uv": [ 11.625, 7.4375, 14.6875, 7.75 ], "texture": "#texture" },
				"south": { "uv": [ 11.625, 7.4375, 14.6875, 7.75 ], "texture": "#texture" },
				"west": { "uv": [ 7.875, 7.4375, 8.25, 7.75 ], "texture": "#texture" },
				"east": { "uv": [ 7.875, 7.4375, 8.25, 7.75 ], "texture": "#texture" }
			}
		},
		{
			"from": [ 13, 8.125, 7.875 ],
			"to": [ 14, 8.625, 8.3125 ],
			"faces": {
				"down": { "uv": [ 3, 8.3125, 2, 7.875 ], "texture": "#texture" },
				"up": { "uv": [ 13, 7.875, 14, 8.3125 ], "texture": "#texture" },
				"north": { "uv": [ 2, 7.375, 3, 7.875 ], "texture": "#texture" },
				"south": { "uv": [ 13, 7.375, 14, 7.875 ], "texture": "#texture" },
				"west": { "uv": [ 7.875, 7.375, 8.3125, 7.875 ], "texture": "#texture" },
				"east": { "uv": [ 7.6875, 7.375, 8.125, 7.875 ], "texture": "#texture" }
			}
		},
		{
			"from": [ 14.5625, 8.1875, 7.875 ],
			"to": [ 15.1875, 8.5625, 8.3125 ],
			"faces": {
				"down": { "uv": [ 14.5625, 7.875, 15.1875, 8.3125 ], "texture": "#texture" },
				"up": { "uv": [ 14.5625, 7.875, 15.1875, 8.3125 ], "texture": "#texture" },
				"north": { "uv": [ 14.5625, 7.4375, 15.1875, 7.8125 ], "texture": "#texture" },
				"south": { "uv": [ 14.5625, 7.4375, 15.1875, 7.8125 ], "texture": "#texture" },
				"west": { "uv": [ 7.875, 7.4375, 8.3125, 7.8125 ], "texture": "#texture" },
				"east": { "uv": [ 7.875, 7.4375, 8.3125, 7.8125 ], "texture": "#texture" }
			}
		},
		{
			"from": [ 15.1875, 8.125, 7.875 ],
			"to": [ 15.6875, 8.625, 8.3125 ],
			"faces": {
				"down": { "uv": [ 15.1875, 7.875, 15.6875, 8.3125 ], "texture": "#texture" },
				"up": { "uv": [ 15.1875, 7.875, 15.6875, 8.3125 ], "texture": "#texture" },
				"north": { "uv": [ 15.1875, 7.375, 15.6875, 7.875 ], "texture": "#texture" },
				"south": { "uv": [ 15.1875, 7.375, 15.6875, 7.875 ], "texture": "#texture" },
				"west": { "uv": [ 7.875, 7.375, 8.3125, 7.875 ], "texture": "#texture" },
				"east": { "uv": [ 7.875, 7.375, 8.3125, 7.875 ], "texture": "#texture" }
			}
		},
		{
			"from": [ 8.625, 8.125, 7.6875 ],
			"to": [ 11.875, 8.75, 8.4375 ],
			"faces": {
				"down": { "uv": [ 8.625, 7.6875, 11.875, 8.4375 ], "texture": "#texture" },
				"up": { "uv": [ 8.625, 7.6875, 11.875, 8.4375 ], "texture": "#texture" },
				"north": { "uv": [ 8.625, 7.25, 11.875, 7.875 ], "texture": "#texture" },
				"south": { "uv": [ 8.625, 7.25, 11.875, 7.875 ], "texture": "#texture" },
				"west": { "uv": [ 7.6875, 7.25, 8.4375, 7.875 ], "texture": "#texture" },
				"east": { "uv": [ 7.6875, 7.25, 8.4375, 7.875 ], "texture": "#texture" }
			}
		},
		{
			"from": [ 6.5, 8.625, 7.75 ],
			"to": [ 8.625, 9.25, 8.375 ],
			"faces": {
				"down": { "uv": [ 6.5, 7.75, 8.625, 8.375 ], "texture": "#texture" },
				"up": { "uv": [ 6.5, 7.75, 8.625, 8.375 ], "texture": "#texture" },
				"north": { "uv": [ 6.5, 6.75, 8.625, 7.375 ], "texture": "#texture" },
				"south": { "uv": [ 6.5, 6.75, 8.625, 7.375 ], "texture": "#texture" },
				"west": { "uv": [ 7.75, 6.75, 8.375, 7.375 ], "texture": "#texture" },
				"east": { "uv": [ 7.75, 6.75, 8.375, 7.375 ], "texture": "#texture" }
			}
		},
		{
			"from": [ 6.625, 9, 7.875 ],
			"to": [ 6.875, 9.375, 8 ],
			"faces": {
				"down": { "uv": [ 9.375, 8, 9.125, 7.875 ], "texture": "#texture" },
				"up": { "uv": [ 6.625, 7.875, 6.875, 8 ], "texture": "#texture" },
				"north": { "uv": [ 9.125, 6.625, 9.375, 7 ], "texture": "#texture" },
				"south": { "uv": [ 6.625, 6.625, 6.875, 7 ], "texture": "#texture" },
				"west": { "uv": [ 7.875, 6.625, 8, 7 ], "texture": "#texture" },
				"east": { "uv": [ 8, 6.625, 8.125, 7 ], "texture": "#texture" }
			}
		},
		{
			"from": [ 7, 9, 7.875 ],
			"to": [ 7.25, 9.375, 8 ],
			"faces": {
				"down": { "uv": [ 9, 8, 8.75, 7.875 ], "texture": "#texture" },
				"up": { "uv": [ 7, 7.875, 7.25, 8 ], "texture": "#texture" },
				"north": { "uv": [ 8.75, 6.625, 9, 7 ], "texture": "#texture" },
				"south": { "uv": [ 7, 6.625, 7.25, 7 ], "texture": "#texture" },
				"west": { "uv": [ 7.875, 6.625, 8, 7 ], "texture": "#texture" },
				"east": { "uv": [ 8, 6.625, 8.125, 7 ], "texture": "#texture" }
			}
		},
		{
			"from": [ 7.375, 9, 7.875 ],
			"to": [ 7.625, 9.375, 8 ],
			"faces": {
				"down": { "uv": [ 8.625, 8, 8.375, 7.875 ], "texture": "#texture" },
				"up": { "uv": [ 7.375, 7.875, 7.625, 8 ], "texture": "#texture" },
				"north": { "uv": [ 8.375, 6.625, 8.625, 7 ], "texture": "#texture" },
				"south": { "uv": [ 7.375, 6.625, 7.625, 7 ], "texture": "#texture" },
				"west": { "uv": [ 7.875, 6.625, 8, 7 ], "texture": "#texture" },
				"east": { "uv": [ 8, 6.625, 8.125, 7 ], "texture": "#texture" }
			}
		},
		{
			"from": [ 7.75, 9, 7.875 ],
			"to": [ 8, 9.375, 8 ],
			"faces": {
				"down": { "uv": [ 8.25, 8, 8, 7.875 ], "texture": "#texture" },
				"up": { "uv": [ 7.75, 7.875, 8, 8 ], "texture": "#texture" },
				"north": { "uv": [ 8, 6.625, 8.25, 7 ], "texture": "#texture" },
				"south": { "uv": [ 7.75, 6.625, 8, 7 ], "texture": "#texture" },
				"west": { "uv": [ 7.875, 6.625, 8, 7 ], "texture": "#texture" },
				"east": { "uv": [ 8, 6.625, 8.125, 7 ], "texture": "#texture" }
			}
		},
		{
			"from": [ 8.125, 9, 7.875 ],
			"to": [ 8.375, 9.375, 8 ],
			"faces": {
				"down": { "uv": [ 7.875, 8, 7.625, 7.875 ], "texture": "#texture" },
				"up": { "uv": [ 8.125, 7.875, 8.375, 8 ], "texture": "#texture" },
				"north": { "uv": [ 7.625, 6.625, 7.875, 7 ], "texture": "#texture" },
				"south": { "uv": [ 8.125, 6.625, 8.375, 7 ], "texture": "#texture" },
				"west": { "uv": [ 7.875, 6.625, 8, 7 ], "texture": "#texture" },
				"east": { "uv": [ 8, 6.625, 8.125, 7 ], "texture": "#texture" }
			}
		},
		{
			"from": [ 8.125, 9, 8.125 ],
			"to": [ 8.375, 9.375, 8.25 ],
			"faces": {
				"down": { "uv": [ 7.875, 8.25, 7.625, 8.125 ], "texture": "#texture" },
				"up": { "uv": [ 8.125, 8.125, 8.375, 8.25 ], "texture": "#texture" },
				"north": { "uv": [ 7.625, 6.625, 7.875, 7 ], "texture": "#texture" },
				"south": { "uv": [ 8.125, 6.625, 8.375, 7 ], "texture": "#texture" },
				"west": { "uv": [ 8.125, 6.625, 8.25, 7 ], "texture": "#texture" },
				"east": { "uv": [ 7.75, 6.625, 7.875, 7 ], "texture": "#texture" }
			}
		},
		{
			"from": [ 7.75, 9, 8.125 ],
			"to": [ 8, 9.375, 8.25 ],
			"faces": {
				"down": { "uv": [ 8.25, 8.25, 8, 8.125 ], "texture": "#texture" },
				"up": { "uv": [ 7.75, 8.125, 8, 8.25 ], "texture": "#texture" },
				"north": { "uv": [ 8, 6.625, 8.25, 7 ], "texture": "#texture" },
				"south": { "uv": [ 7.75, 6.625, 8, 7 ], "texture": "#texture" },
				"west": { "uv": [ 8.125, 6.625, 8.25, 7 ], "texture": "#texture" },
				"east": { "uv": [ 7.75, 6.625, 7.875, 7 ], "texture": "#texture" }
			}
		},
		{
			"from": [ 7.375, 9, 8.125 ],
			"to": [ 7.625, 9.375, 8.25 ],
			"faces": {
				"down": { "uv": [ 8.625, 8.25, 8.375, 8.125 ], "texture": "#texture" },
				"up": { "uv": [ 7.375, 8.125, 7.625, 8.25 ], "texture": "#texture" },
				"north": { "uv": [ 8.375, 6.625, 8.625, 7 ], "texture": "#texture" },
				"south": { "uv": [ 7.375, 6.625, 7.625, 7 ], "texture": "#texture" },
				"west": { "uv": [ 8.125, 6.625, 8.25, 7 ], "texture": "#texture" },
				"east": { "uv": [ 7.75, 6.625, 7.875, 7 ], "texture": "#texture" }
			}
		},
		{
			"from": [ 7, 9, 8.125 ],
			"to": [ 7.25, 9.375, 8.25 ],
			"faces": {
				"down": { "uv": [ 9, 8.25, 8.75, 8.125 ], "texture": "#texture" },
				"up": { "uv": [ 7, 8.125, 7.25, 8.25 ], "texture": "#texture" },
				"north": { "uv": [ 8.75, 6.625, 9, 7 ], "texture": "#texture" },
				"south": { "uv": [ 7, 6.625, 7.25, 7 ], "texture": "#texture" },
				"west": { "uv": [ 8.125, 6.625, 8.25, 7 ], "texture": "#texture" },
				"east": { "uv": [ 7.75, 6.625, 7.875, 7 ], "texture": "#texture" }
			}
		},
		{
			"from": [ 6.75, 9, 8.125 ],
			"to": [ 7, 9.375, 8.25 ],
			"faces": {
				"down": { "uv": [ 9.25, 8.25, 9, 8.125 ], "texture": "#texture" },
				"up": { "uv": [ 6.75, 8.125, 7, 8.25 ], "texture": "#texture" },
				"north": { "uv": [ 9, 6.625, 9.25, 7 ], "texture": "#texture" },
				"south": { "uv": [ 6.75, 6.625, 7, 7 ], "texture": "#texture" },
				"west": { "uv": [ 8.125, 6.625, 8.25, 7 ], "texture": "#texture" },
				"east": { "uv": [ 7.75, 6.625, 7.875, 7 ], "texture": "#texture" }
			}
		},
		{
			"from": [ 4.3125, 6.6875, 7.75 ],
			"to": [ 5.3125, 7.0625, 8.375 ],
			"rotation": { "origin": [ 4.3125, 7.0625, 7.75 ], "axis": "z", "angle": -22.5 },
			"faces": {
				"down": { "uv": [ 11.6875, 8.375, 10.6875, 7.75 ], "texture": "#texture" },
				"up": { "uv": [ 4.3125, 7.75, 5.3125, 8.375 ], "texture": "#texture" },
				"north": { "uv": [ 6.25, 10.25, 6.75, 10.5 ], "texture": "#texture" },
				"south": { "uv": [ 6.25, 10.25, 6.75, 10.5 ], "texture": "#texture" },
				"west": { "uv": [ 7.75, 8.9375, 8.375, 9.3125 ], "texture": "#texture" },
				"east": { "uv": [ 7.625, 8.9375, 8.25, 9.3125 ], "texture": "#texture" }
			}
		},
		{
			"from": [ 5, 6.875, 7.8125 ],
			"to": [ 5.75, 8.625, 8.3125 ],
			"rotation": { "origin": [ 5, 8.625, 7.8125 ], "axis": "z", "angle": -22.5 },
			"faces": {
				"down": { "uv": [ 5, 7.8125, 5.75, 8.3125 ], "texture": "#texture" },
				"up": { "uv": [ 5, 7.8125, 5.75, 8.3125 ], "texture": "#texture" },
				"north": { "uv": [ 6.25, 9.125, 6.875, 10.25 ], "texture": "#texture" },
				"south": { "uv": [ 6.25, 9.125, 6.875, 10.25 ], "texture": "#texture" },
				"west": { "uv": [ 7.8125, 7.375, 8.3125, 9.125 ], "texture": "#texture" },
				"east": { "uv": [ 7.8125, 7.375, 8.3125, 9.125 ], "texture": "#texture" }
			}
		},
		{
			"from": [ 14.875, 8.9375, 7.9375 ],
			"to": [ 15.125, 9.5625, 8.25 ],
			"rotation": { "origin": [ 14.875, 9.5625, 7.9375 ], "axis": "z", "angle": -22.5 },
			"faces": {
				"down": { "uv": [ 14.875, 7.9375, 15.125, 8.25 ], "texture": "#texture" },
				"up": { "uv": [ 14.875, 7.9375, 15.125, 8.25 ], "texture": "#texture" },
				"north": { "uv": [ 14.875, 5.5, 15.125, 6.125 ], "texture": "#texture" },
				"south": { "uv": [ 14.875, 5.5, 15.125, 6.125 ], "texture": "#texture" },
				"west": { "uv": [ 8.375, 5.5, 8.6875, 6.125 ], "texture": "#texture" },
				"east": { "uv": [ 8.375, 5.5, 8.6875, 6.125 ], "texture": "#texture" }
			}
		},
		{
			"from": [ 14.875, 9, 7.9375 ],
			"to": [ 15.125, 9.25, 8.25 ],
			"rotation": { "origin": [ 14.875, 9.25, 7.9375 ], "axis": "z", "angle": -22.5 },
			"faces": {
				"down": { "uv": [ 14.875, 7.9375, 15.125, 8.25 ], "texture": "#texture" },
				"up": { "uv": [ 14.875, 7.9375, 15.125, 8.25 ], "texture": "#texture" },
				"north": { "uv": [ 14.75, 6.375, 15, 6.625 ], "texture": "#texture" },
				"south": { "uv": [ 14.75, 6.375, 15, 6.625 ], "texture": "#texture" },
				"west": { "uv": [ 7.9375, 6.75, 8.25, 7 ], "texture": "#texture" },
				"east": { "uv": [ 7.9375, 6.75, 8.25, 7 ], "texture": "#texture" }
			}
		},
		{
			"from": [ 5.75, 7.875, 7.875 ],
			"to": [ 6.25, 8, 8.25 ],
			"faces": {
				"down": { "uv": [ 0.125, 0, 9.5, 4.375 ], "texture": "#texture" },
				"up": { "uv": [ 0, 0, 16, 0 ], "texture": "#texture" },
				"north": { "uv": [ 0, 0, 14.25, 0 ], "texture": "#texture" },
				"south": { "uv": [ 0, 0, 13.25, 0 ], "texture": "#texture" },
				"west": { "uv": [ 0, 0, 12.75, 3 ], "texture": "#texture" },
				"east": { "uv": [ 0, 0, 6.75, 0 ], "texture": "#texture" }
			}
		},
		{
			"from": [ 6.1875, 7.875, 7.875 ],
			"to": [ 7.0625, 8, 8.25 ],
			"rotation": { "origin": [ 6.1875, 8, 7.875 ], "axis": "z", "angle": 22.5 },
			"faces": {
				"down": { "uv": [ 0, 0, 11.625, 0 ], "texture": "#texture" },
				"up": { "uv": [ 0, 0, 8.875, 0 ], "texture": "#texture" },
				"north": { "uv": [ 0, 0, 0, 0 ], "texture": "#texture" },
				"south": { "uv": [ 0, 0, 0, 0 ], "texture": "#texture" },
				"west": { "uv": [ 0, 0, 0, 0 ], "texture": "#texture" },
				"east": { "uv": [ 0, 0, 0, 0 ], "texture": "#texture" }
			}
		},
		{
			"from": [ 5, 8.1875, 7.875 ],
			"to": [ 5.875, 8.3125, 8.25 ],
			"rotation": { "origin": [ 5, 8.3125, 7.875 ], "axis": "z", "angle": -22.5 },
			"faces": {
				"down": { "uv": [ 5.875, 5.75, 6.75, 6.125 ], "texture": "#texture" },
				"up": { "uv": [ 5.875, 5.75, 6.75, 6.125 ], "texture": "#texture" },
				"north": { "uv": [ 11.5, 5, 12.375, 5.5 ], "texture": "#texture" },
				"south": { "uv": [ 11.5, 5, 12.375, 5.5 ], "texture": "#texture" },
				"west": { "uv": [ 5, 10, 5.5, 10.5 ], "texture": "#texture" },
				"east": { "uv": [ 5, 10, 5.5, 10.5 ], "texture": "#texture" }
			}
		},
		{
			"from": [ 5.8125, 8, 7.875 ],
			"to": [ 5.9375, 8.5, 8.25 ],
			"rotation": { "origin": [ 5.8125, 8.5, 7.875 ], "axis": "z", "angle": 22.5 },
			"faces": {
				"down": { "uv": [ 0, 0, 16, 0 ], "texture": "#texture" },
				"up": { "uv": [ 0, 0, 16, 0 ], "texture": "#texture" },
				"north": { "uv": [ 0, 0, 11.625, 0 ], "texture": "#texture" },
				"south": { "uv": [ 0, 0, 11, 0 ], "texture": "#texture" },
				"west": { "uv": [ 0, 0, 14, 0 ], "texture": "#texture" },
				"east": { "uv": [ 0, 0, 14.125, 0 ], "texture": "#texture" }
			}
		},
		{
			"from": [ 5.875, 9.375, 7.875 ],
			"to": [ 6.0625, 9.5, 8.25 ],
			"faces": {
				"down": { "uv": [ 10.125, 8.25, 9.875, 7.875 ], "texture": "#texture" },
				"up": { "uv": [ 5.875, 7.875, 6.125, 8.25 ], "texture": "#texture" },
				"north": { "uv": [ 9.875, 6.4375, 10.125, 6.5625 ], "texture": "#texture" },
				"south": { "uv": [ 5.875, 6.4375, 6.125, 6.5625 ], "texture": "#texture" },
				"west": { "uv": [ 7.875, 6.4375, 8.25, 6.5625 ], "texture": "#texture" },
				"east": { "uv": [ 7.75, 6.4375, 8.125, 6.5625 ], "texture": "#texture" }
			}
		},
		{
			"from": [ 5.875, 8.875, 7.875 ],
			"to": [ 6.125, 9.5, 8.25 ],
			"rotation": { "origin": [ 5.875, 9.5, 7.875 ], "axis": "z", "angle": -22.5 },
			"faces": {
				"down": { "uv": [ 10.125, 8.25, 9.875, 7.875 ], "texture": "#texture" },
				"up": { "uv": [ 5.875, 7.875, 6.125, 8.25 ], "texture": "#texture" },
				"north": { "uv": [ 9.875, 6.5, 10.125, 7.125 ], "texture": "#texture" },
				"south": { "uv": [ 5.875, 6.5, 6.125, 7.125 ], "texture": "#texture" },
				"west": { "uv": [ 7.875, 6.5, 8.25, 7.125 ], "texture": "#texture" },
				"east": { "uv": [ 7.75, 6.5, 8.125, 7.125 ], "texture": "#texture" }
			}
		},
		{
			"from": [ 5.875, 8.75, 7.875 ],
			"to": [ 6.125, 9.375, 8.25 ],
			"rotation": { "origin": [ 5.875, 9.375, 7.875 ], "axis": "z", "angle": 22.5 },
			"faces": {
				"down": { "uv": [ 10.125, 8.25, 9.875, 7.875 ], "texture": "#texture" },
				"up": { "uv": [ 5.875, 7.875, 6.125, 8.25 ], "texture": "#texture" },
				"north": { "uv": [ 9.875, 6.625, 10.125, 7.25 ], "texture": "#texture" },
				"south": { "uv": [ 5.875, 6.625, 6.125, 7.25 ], "texture": "#texture" },
				"west": { "uv": [ 7.875, 6.625, 8.25, 7.25 ], "texture": "#texture" },
				"east": { "uv": [ 7.75, 6.625, 8.125, 7.25 ], "texture": "#texture" }
			}
		}
	],
	"display": {
		"thirdperson_righthand": {
			"rotation":  [ 0, 78, -2 ],
			"translation":  [ 0.6959, 0.8912, -4.173 ],
			"scale":  [ 1.5, 1.5, 1.5 ]
		},
		"firstperson_righthand": {
			"rotation":  [ 0, 96, 0 ],
			"translation":  [ -3.221, 4.2087, 2.4956 ]
		},
		"gui": {
			"rotation":  [ -30, 149, 16 ],
			"scale":  [ 1.6, 1.6, 1.6 ]
		},
		"fixed": {
			"scale":  [ 2, 2, 2 ]
		}
	}
}