{
	"__comment": "Designed by Thelaststraw8 with BDcraft Cubik PRO 0.95 Beta - http://bdcraft.net",
	"textures": {
		"texture": "items/awp"
	},
	"elements": [
		{
			"from": [ 0.375, 6.875, 4 ],
			"to": [ 0.9375, 8.3125, 5 ],
			"faces": {
				"down": { "uv": [ 1.25, 2.375, 0.75, 3.125 ], "texture": "#texture" },
				"up": { "uv": [ 1.25, 2.375, 0.75, 3.125 ], "texture": "#texture" },
				"north": { "uv": [ 0.5, 1.875, 1.5, 3.875 ], "texture": "#texture" },
				"south": { "uv": [ 0.5, 1.875, 1.5, 3.875 ], "texture": "#texture" },
				"west": { "uv": [ 1.25, 2.75, 1.375, 3 ], "texture": "#texture" },
				"east": { "uv": [ 0.625, 2.875, 0.875, 3.375 ], "texture": "#texture" }
			}
		},
		{
			"from": [ 0.875, 7.125, 4.125 ],
			"to": [ 1.75, 8.25, 4.875 ],
			"faces": {
				"down": { "uv": [ 15.125, 4.875, 14.25, 4.125 ], "texture": "#texture" },
				"up": { "uv": [ 0.875, 4.125, 1.75, 4.875 ], "texture": "#texture" },
				"north": { "uv": [ 4.375, 0.75, 6.75, 2.625 ], "texture": "#texture" },
				"south": { "uv": [ 6.625, 0.75, 4.5, 2.625 ], "texture": "#texture" },
				"west": { "uv": [ 4.125, 7.75, 4.875, 9 ], "texture": "#texture" },
				"east": { "uv": [ 4.875, 7.75, 4.125, 9 ], "texture": "#texture" }
			}
		},
		{
			"from": [ 1.125, 8.125, 4.25 ],
			"to": [ 2.5, 8.4375, 4.75 ],
			"faces": {
				"down": { "uv": [ 3.625, 8.75, 4.25, 9 ], "texture": "#texture" },
				"up": { "uv": [ 3.625, 8.75, 4.25, 9 ], "texture": "#texture" },
				"north": { "uv": [ 4, 9.125, 3.875, 9 ], "texture": "#texture" },
				"south": { "uv": [ 4, 9.125, 3.875, 9 ], "texture": "#texture" },
				"west": { "uv": [ 4.125, 8.75, 3.875, 8.75 ], "texture": "#texture" },
				"east": { "uv": [ 4.125, 8.75, 3.875, 8.75 ], "texture": "#texture" }
			}
		},
		{
			"from": [ 1.75, 7.125, 4.125 ],
			"to": [ 2.8125, 8.25, 4.875 ],
			"faces": {
				"down": { "uv": [ 14.25, 4.875, 13.1875, 4.125 ], "texture": "#texture" },
				"up": { "uv": [ 1.75, 4.125, 2.8125, 4.875 ], "texture": "#texture" },
				"north": { "uv": [ 2.8125, 7.75, 1.75, 8.875 ], "texture": "#texture" },
				"south": { "uv": [ 1.75, 7.75, 2.8125, 8.875 ], "texture": "#texture" },
				"west": { "uv": [ 4, 7, 4.75, 8.125 ], "texture": "#texture" },
				"east": { "uv": [ 4, 7, 4.75, 8.125 ], "texture": "#texture" }
			}
		},
		{
			"from": [ 2.75, 7.875, 4.125 ],
			"to": [ 7, 8.25, 4.875 ],
			"faces": {
				"down": { "uv": [ 13.25, 4.875, 9, 4.125 ], "texture": "#texture" },
				"up": { "uv": [ 2.75, 4.125, 7, 4.875 ], "texture": "#texture" },
				"north": { "uv": [ 7, 7.75, 2.75, 8.125 ], "texture": "#texture" },
				"south": { "uv": [ 2.75, 7.75, 7, 8.125 ], "texture": "#texture" },
				"west": { "uv": [ 4.125, 7.75, 4.875, 8.125 ], "texture": "#texture" },
				"east": { "uv": [ 4.875, 7.75, 4.125, 8.125 ], "texture": "#texture" }
			}
		},
		{
			"from": [ 2.375, 7.1875, 4.125 ],
			"to": [ 3.125, 7.4375, 4.875 ],
			"rotation": { "origin": [ 2.375, 7.4375, 4.125 ], "axis": "z", "angle": -45 },
			"faces": {
				"down": { "uv": [ 2.375, 4.125, 3.125, 4.875 ], "texture": "#texture" },
				"up": { "uv": [ 2.375, 4.125, 3.125, 4.875 ], "texture": "#texture" },
				"north": { "uv": [ 2.375, 8.5625, 3.125, 8.8125 ], "texture": "#texture" },
				"south": { "uv": [ 2.375, 8.5625, 3.125, 8.8125 ], "texture": "#texture" },
				"west": { "uv": [ 4.125, 8.5625, 4.875, 8.8125 ], "texture": "#texture" },
				"east": { "uv": [ 4.125, 8.5625, 4.875, 8.8125 ], "texture": "#texture" }
			}
		},
		{
			"from": [ 3.375, 6.8125, 4.125 ],
			"to": [ 3.75, 7.0625, 4.875 ],
			"faces": {
				"down": { "uv": [ 12.625, 4.875, 12.25, 4.125 ], "texture": "#texture" },
				"up": { "uv": [ 3.375, 4.125, 3.75, 4.875 ], "texture": "#texture" },
				"north": { "uv": [ 3.75, 8.9375, 3.375, 9.1875 ], "texture": "#texture" },
				"south": { "uv": [ 3.375, 8.9375, 3.75, 9.1875 ], "texture": "#texture" },
				"west": { "uv": [ 4.125, 8.9375, 4.875, 9.1875 ], "texture": "#texture" },
				"east": { "uv": [ 4.875, 8.9375, 4.125, 9.1875 ], "texture": "#texture" }
			}
		},
		{
			"from": [ 3.625, 6.625, 4.125 ],
			"to": [ 4.125, 6.75, 4.875 ],
			"faces": {
				"down": { "uv": [ 9.625, 9.375, 9.125, 8.625 ], "texture": "#texture" },
				"up": { "uv": [ 4.375, 7.375, 4.875, 8.125 ], "texture": "#texture" },
				"north": { "uv": [ 4.125, 9.25, 3.625, 9.375 ], "texture": "#texture" },
				"south": { "uv": [ 3.625, 9.25, 4.125, 9.375 ], "texture": "#texture" },
				"west": { "uv": [ 3.875, 8.75, 4.625, 9.25 ], "texture": "#texture" },
				"east": { "uv": [ 3.875, 8.75, 4.625, 9.25 ], "texture": "#texture" }
			}
		},
		{
			"from": [ 3.4375, 6.75, 4.125 ],
			"to": [ 3.8125, 7, 4.875 ],
			"rotation": { "origin": [ 3.4375, 7, 4.125 ], "axis": "z", "angle": -22.5 },
			"faces": {
				"down": { "uv": [ 9.375, 9.125, 9, 8.375 ], "texture": "#texture" },
				"up": { "uv": [ 3.4375, 4.125, 3.8125, 4.875 ], "texture": "#texture" },
				"north": { "uv": [ 3.8125, 9, 3.4375, 9.25 ], "texture": "#texture" },
				"south": { "uv": [ 3.4375, 9, 3.8125, 9.25 ], "texture": "#texture" },
				"west": { "uv": [ 4.125, 9, 4.875, 9.25 ], "texture": "#texture" },
				"east": { "uv": [ 4.875, 9, 4.125, 9.25 ], "texture": "#texture" }
			}
		},
		{
			"from": [ 3.875, 6.75, 4.125 ],
			"to": [ 4.125, 7.125, 4.875 ],
			"faces": {
				"down": { "uv": [ 12.125, 4.875, 11.875, 4.125 ], "texture": "#texture" },
				"up": { "uv": [ 3.875, 4.125, 4.125, 4.875 ], "texture": "#texture" },
				"north": { "uv": [ 4.125, 8.875, 3.875, 9.25 ], "texture": "#texture" },
				"south": { "uv": [ 3.875, 8.875, 4.125, 9.25 ], "texture": "#texture" },
				"west": { "uv": [ 4.125, 8.875, 4.625, 9.25 ], "texture": "#texture" },
				"east": { "uv": [ 4.125, 8.875, 4.625, 9.25 ], "texture": "#texture" }
			}
		},
		{
			"from": [ 4, 7.125, 4.125 ],
			"to": [ 4.25, 7.5, 4.875 ],
			"rotation": { "origin": [ 4, 7.5, 4.125 ], "axis": "z", "angle": -22.5 },
			"faces": {
				"down": { "uv": [ 12, 4.875, 11.75, 4.125 ], "texture": "#texture" },
				"up": { "uv": [ 4, 4.125, 4.25, 4.875 ], "texture": "#texture" },
				"north": { "uv": [ 4.25, 8.5, 4, 8.875 ], "texture": "#texture" },
				"south": { "uv": [ 4, 8.5, 4.25, 8.875 ], "texture": "#texture" },
				"west": { "uv": [ 4.125, 8.5, 4.875, 8.875 ], "texture": "#texture" },
				"east": { "uv": [ 4.875, 8.5, 4.125, 8.875 ], "texture": "#texture" }
			}
		},
		{
			"from": [ 4.125, 7.125, 4.125 ],
			"to": [ 5, 7.25, 4.875 ],
			"faces": {
				"down": { "uv": [ 9.25, 7.875, 9.25, 8.625 ], "texture": "#texture" },
				"up": { "uv": [ 9.25, 7.875, 9.25, 8.625 ], "texture": "#texture" },
				"north": { "uv": [ 9.75, 8.625, 8.875, 9.125 ], "texture": "#texture" },
				"south": { "uv": [ 9.75, 8.625, 8.875, 9.125 ], "texture": "#texture" },
				"west": { "uv": [ 8.75, 8.25, 9.5, 8.75 ], "texture": "#texture" },
				"east": { "uv": [ 8.75, 8.25, 9.5, 8.75 ], "texture": "#texture" }
			}
		},
		{
			"from": [ 4.25, 7.625, 4.125 ],
			"to": [ 5, 7.75, 4.875 ],
			"faces": {
				"down": { "uv": [ 8.75, 8.375, 9.125, 8.75 ], "texture": "#texture" },
				"up": { "uv": [ 8.75, 8.375, 9.125, 8.75 ], "texture": "#texture" },
				"north": { "uv": [ 8.625, 8.125, 8.875, 8.375 ], "texture": "#texture" },
				"south": { "uv": [ 8.625, 8.125, 8.875, 8.375 ], "texture": "#texture" },
				"west": { "uv": [ 8.75, 8.5, 9.5, 9 ], "texture": "#texture" },
				"east": { "uv": [ 8.75, 8.5, 9.5, 9 ], "texture": "#texture" }
			}
		},
		{
			"from": [ 4.125, 7.375, 4.125 ],
			"to": [ 4.25, 7.875, 4.875 ],
			"faces": {
				"down": { "uv": [ 11.875, 4.875, 11.75, 4.125 ], "texture": "#texture" },
				"up": { "uv": [ 4.125, 4.125, 4.25, 4.875 ], "texture": "#texture" },
				"north": { "uv": [ 4.25, 8.125, 4.125, 8.625 ], "texture": "#texture" },
				"south": { "uv": [ 4.125, 8.125, 4.25, 8.625 ], "texture": "#texture" },
				"west": { "uv": [ 4.125, 8.125, 4.875, 8.625 ], "texture": "#texture" },
				"east": { "uv": [ 4.875, 8.125, 4.125, 8.625 ], "texture": "#texture" }
			}
		},
		{
			"from": [ 4.875, 7.125, 4.125 ],
			"to": [ 5, 7.625, 4.875 ],
			"faces": {
				"down": { "uv": [ 8.625, 8, 8.75, 8.125 ], "texture": "#texture" },
				"up": { "uv": [ 8.625, 8, 8.75, 8.125 ], "texture": "#texture" },
				"north": { "uv": [ 9, 7.75, 9.125, 7.75 ], "texture": "#texture" },
				"south": { "uv": [ 9, 7.75, 9.125, 7.75 ], "texture": "#texture" },
				"west": { "uv": [ 8.625, 7.5, 8.625, 7.75 ], "texture": "#texture" },
				"east": { "uv": [ 8.625, 7.5, 8.625, 7.75 ], "texture": "#texture" }
			}
		},
		{
			"from": [ 2.625, 7.125, 4.125 ],
			"to": [ 3.125, 7.375, 4.875 ],
			"rotation": { "origin": [ 2.625, 7.375, 4.125 ], "axis": "z", "angle": -45 },
			"faces": {
				"down": { "uv": [ 13.375, 4.875, 12.875, 4.125 ], "texture": "#texture" },
				"up": { "uv": [ 2.625, 4.125, 3.125, 4.875 ], "texture": "#texture" },
				"north": { "uv": [ 3.125, 8.625, 2.625, 8.875 ], "texture": "#texture" },
				"south": { "uv": [ 2.625, 8.625, 3.125, 8.875 ], "texture": "#texture" },
				"west": { "uv": [ 4.125, 8.625, 4.875, 8.875 ], "texture": "#texture" },
				"east": { "uv": [ 4.875, 8.625, 4.125, 8.875 ], "texture": "#texture" }
			}
		},
		{
			"from": [ 3.75, 7.375, 4.125 ],
			"to": [ 3.8125, 7.625, 4.875 ],
			"faces": {
				"down": { "uv": [ 12.25, 4.875, 12.1875, 4.125 ], "texture": "#texture" },
				"up": { "uv": [ 3.75, 4.125, 3.8125, 4.875 ], "texture": "#texture" },
				"north": { "uv": [ 3.8125, 8.375, 3.75, 8.625 ], "texture": "#texture" },
				"south": { "uv": [ 3.75, 8.375, 3.8125, 8.625 ], "texture": "#texture" },
				"west": { "uv": [ 4.125, 8.375, 4.875, 8.625 ], "texture": "#texture" },
				"east": { "uv": [ 4.875, 8.375, 4.125, 8.625 ], "texture": "#texture" }
			}
		},
		{
			"from": [ 2.75, 6.75, 4.125 ],
			"to": [ 3.875, 7, 4.875 ],
			"faces": {
				"down": { "uv": [ 13.25, 4.875, 12.125, 4.125 ], "texture": "#texture" },
				"up": { "uv": [ 2.75, 4.125, 3.875, 4.875 ], "texture": "#texture" },
				"north": { "uv": [ 3.875, 9, 2.75, 9.25 ], "texture": "#texture" },
				"south": { "uv": [ 2.75, 9, 3.875, 9.25 ], "texture": "#texture" },
				"west": { "uv": [ 4.125, 9, 4.875, 9.25 ], "texture": "#texture" },
				"east": { "uv": [ 4.875, 9, 4.125, 9.25 ], "texture": "#texture" }
			}
		},
		{
			"from": [ 3.625, 6.75, 4.125 ],
			"to": [ 3.875, 7, 4.875 ],
			"faces": {
				"down": { "uv": [ 12.375, 4.875, 12.125, 4.125 ], "texture": "#texture" },
				"up": { "uv": [ 3.625, 4.125, 3.875, 4.875 ], "texture": "#texture" },
				"north": { "uv": [ 3.875, 9, 3.625, 9.25 ], "texture": "#texture" },
				"south": { "uv": [ 3.625, 9, 3.875, 9.25 ], "texture": "#texture" },
				"west": { "uv": [ 4.125, 9, 4.875, 9.25 ], "texture": "#texture" },
				"east": { "uv": [ 4.875, 9, 4.125, 9.25 ], "texture": "#texture" }
			}
		},
		{
			"from": [ 3.75, 7.375, 4.125 ],
			"to": [ 4.125, 7.875, 4.875 ],
			"faces": {
				"down": { "uv": [ 12.25, 4.875, 11.875, 4.125 ], "texture": "#texture" },
				"up": { "uv": [ 3.75, 4.125, 4.125, 4.875 ], "texture": "#texture" },
				"north": { "uv": [ 4.125, 8.125, 3.75, 8.625 ], "texture": "#texture" },
				"south": { "uv": [ 3.75, 8.125, 4.125, 8.625 ], "texture": "#texture" },
				"west": { "uv": [ 4.125, 8.125, 4.875, 8.625 ], "texture": "#texture" },
				"east": { "uv": [ 4.875, 8.125, 4.125, 8.625 ], "texture": "#texture" }
			}
		},
		{
			"from": [ 3.75, 7.125, 4.125 ],
			"to": [ 4, 7.5, 4.875 ],
			"faces": {
				"down": { "uv": [ 12.25, 4.875, 12, 4.125 ], "texture": "#texture" },
				"up": { "uv": [ 3.75, 4.125, 4, 4.875 ], "texture": "#texture" },
				"north": { "uv": [ 4, 8.5, 3.75, 8.875 ], "texture": "#texture" },
				"south": { "uv": [ 3.75, 8.5, 4, 8.875 ], "texture": "#texture" },
				"west": { "uv": [ 4.125, 8.5, 4.875, 8.875 ], "texture": "#texture" },
				"east": { "uv": [ 4.875, 8.5, 4.125, 8.875 ], "texture": "#texture" }
			}
		},
		{
			"from": [ 5.125, 7.375, 4.125 ],
			"to": [ 6.25, 7.5, 4.875 ],
			"faces": {
				"down": { "uv": [ 10.875, 4.875, 9.75, 4.125 ], "texture": "#texture" },
				"up": { "uv": [ 5.125, 4.125, 6.25, 4.875 ], "texture": "#texture" },
				"north": { "uv": [ 6.25, 8.5, 5.125, 8.625 ], "texture": "#texture" },
				"south": { "uv": [ 5.125, 8.5, 6.25, 8.625 ], "texture": "#texture" },
				"west": { "uv": [ 4.125, 8.5, 4.875, 8.625 ], "texture": "#texture" },
				"east": { "uv": [ 4.875, 8.5, 4.125, 8.625 ], "texture": "#texture" }
			}
		},
		{
			"from": [ 6.1875, 7.4375, 4.125 ],
			"to": [ 7.0625, 7.5625, 4.875 ],
			"rotation": { "origin": [ 6.1875, 7.5625, 4.125 ], "axis": "z", "angle": 22.5 },
			"faces": {
				"down": { "uv": [ 9.8125, 4.875, 8.9375, 4.125 ], "texture": "#texture" },
				"up": { "uv": [ 6.1875, 4.125, 7.0625, 4.875 ], "texture": "#texture" },
				"north": { "uv": [ 7.0625, 8.4375, 6.1875, 8.5625 ], "texture": "#texture" },
				"south": { "uv": [ 6.1875, 8.4375, 7.0625, 8.5625 ], "texture": "#texture" },
				"west": { "uv": [ 4.125, 8.4375, 4.875, 8.5625 ], "texture": "#texture" },
				"east": { "uv": [ 4.875, 8.4375, 4.125, 8.5625 ], "texture": "#texture" }
			}
		},
		{
			"from": [ 6.9375, 7.75, 4.125 ],
			"to": [ 9.4375, 7.875, 4.875 ],
			"faces": {
				"down": { "uv": [ 9.0625, 4.875, 6.5625, 4.125 ], "texture": "#texture" },
				"up": { "uv": [ 6.9375, 4.125, 9.4375, 4.875 ], "texture": "#texture" },
				"north": { "uv": [ 9.4375, 8.125, 6.9375, 8.25 ], "texture": "#texture" },
				"south": { "uv": [ 6.9375, 8.125, 9.4375, 8.25 ], "texture": "#texture" },
				"west": { "uv": [ 2.625, 3.875, 3, 4.25 ], "texture": "#texture" },
				"east": { "uv": [ 2.25, 2.625, 2.625, 3 ], "texture": "#texture" }
			}
		},
		{
			"from": [ 7, 8.25, 4.125 ],
			"to": [ 9.5, 8.375, 4.875 ],
			"faces": {
				"down": { "uv": [ 9, 4.875, 6.5, 4.125 ], "texture": "#texture" },
				"up": { "uv": [ 6.875, 7.75, 9.375, 7.875 ], "texture": "#texture" },
				"north": { "uv": [ 9.5, 7.625, 7, 7.75 ], "texture": "#texture" },
				"south": { "uv": [ 7, 7.625, 9.5, 7.75 ], "texture": "#texture" },
				"west": { "uv": [ 4.125, 7.625, 4.875, 7.75 ], "texture": "#texture" },
				"east": { "uv": [ 4.875, 7.625, 4.125, 7.75 ], "texture": "#texture" }
			}
		},
		{
			"from": [ 7, 7.875, 4.125 ],
			"to": [ 9.5, 8.25, 4.875 ],
			"faces": {
				"down": { "uv": [ 8.75, 8.75, 9.625, 9.125 ], "texture": "#texture" },
				"up": { "uv": [ 7, 4.125, 9.5, 4.875 ], "texture": "#texture" },
				"north": { "uv": [ 9.5, 7.75, 7, 8.125 ], "texture": "#texture" },
				"south": { "uv": [ 7, 7.75, 9.5, 8.125 ], "texture": "#texture" },
				"west": { "uv": [ 2.125, 2.5, 2.875, 2.875 ], "texture": "#texture" },
				"east": { "uv": [ 2.125, 2.5, 2.875, 2.875 ], "texture": "#texture" }
			}
		},
		{
			"from": [ 4.25, 8.1875, 4.125 ],
			"to": [ 7.125, 8.4375, 4.875 ],
			"faces": {
				"down": { "uv": [ 11.75, 4.875, 8.875, 4.125 ], "texture": "#texture" },
				"up": { "uv": [ 4.25, 4.125, 7.125, 4.875 ], "texture": "#texture" },
				"north": { "uv": [ 7.125, 7.5625, 4.25, 7.8125 ], "texture": "#texture" },
				"south": { "uv": [ 4.25, 7.5625, 7.125, 7.8125 ], "texture": "#texture" },
				"west": { "uv": [ 4.125, 7.5625, 4.875, 7.8125 ], "texture": "#texture" },
				"east": { "uv": [ 4.875, 7.5625, 4.125, 7.8125 ], "texture": "#texture" }
			}
		},
		{
			"from": [ 5.125, 7.5, 4.125 ],
			"to": [ 6.375, 8, 4.875 ],
			"faces": {
				"down": { "uv": [ 10.875, 4.875, 9.625, 4.125 ], "texture": "#texture" },
				"up": { "uv": [ 5.125, 4.125, 6.375, 4.875 ], "texture": "#texture" },
				"north": { "uv": [ 6.375, 8, 5.125, 8.5 ], "texture": "#texture" },
				"south": { "uv": [ 5.125, 8, 6.375, 8.5 ], "texture": "#texture" },
				"west": { "uv": [ 4.125, 8, 4.875, 8.5 ], "texture": "#texture" },
				"east": { "uv": [ 4.875, 8, 4.125, 8.5 ], "texture": "#texture" }
			}
		},
		{
			"from": [ 6.625, 7.875, 4.125 ],
			"to": [ 7, 8, 4.875 ],
			"faces": {
				"down": { "uv": [ 9.375, 4.875, 9, 4.125 ], "texture": "#texture" },
				"up": { "uv": [ 6.625, 4.125, 7, 4.875 ], "texture": "#texture" },
				"north": { "uv": [ 7, 8, 6.625, 8.125 ], "texture": "#texture" },
				"south": { "uv": [ 6.625, 8, 7, 8.125 ], "texture": "#texture" },
				"west": { "uv": [ 4.125, 8, 4.875, 8.125 ], "texture": "#texture" },
				"east": { "uv": [ 4.875, 8, 4.125, 8.125 ], "texture": "#texture" }
			}
		},
		{
			"from": [ 4.625, 8.25, 4.25 ],
			"to": [ 6.625, 8.625, 4.8125 ],
			"faces": {
				"down": { "uv": [ 11.375, 4.8125, 9.375, 4.25 ], "texture": "#texture" },
				"up": { "uv": [ 4.625, 4.25, 6.625, 4.8125 ], "texture": "#texture" },
				"north": { "uv": [ 6.625, 7.375, 4.625, 7.75 ], "texture": "#texture" },
				"south": { "uv": [ 4.625, 7.375, 6.625, 7.75 ], "texture": "#texture" },
				"west": { "uv": [ 4.25, 7.375, 4.8125, 7.75 ], "texture": "#texture" },
				"east": { "uv": [ 4.8125, 7.375, 4.25, 7.75 ], "texture": "#texture" }
			}
		},
		{
			"from": [ 6.625, 8.1875, 4.3125 ],
			"to": [ 15.5, 8.5, 4.6875 ],
			"faces": {
				"down": { "uv": [ 6.75, 7.375, 15.625, 7.75 ], "texture": "#texture" },
				"up": { "uv": [ 6.75, 7.375, 15.625, 7.75 ], "texture": "#texture" },
				"north": { "uv": [ 15.5, 7.5, 6.625, 7.8125 ], "texture": "#texture" },
				"south": { "uv": [ 6.625, 7.5, 15.5, 7.8125 ], "texture": "#texture" },
				"west": { "uv": [ 3, 4.5, 3.5, 5 ], "texture": "#texture" },
				"east": { "uv": [ 4.25, 8.625, 4.625, 8.9375 ], "texture": "#texture" }
			}
		},
		{
			"from": [ 14.3125, 8.0625, 4.25 ],
			"to": [ 14.9375, 8.625, 4.75 ],
			"faces": {
				"down": { "uv": [ 15.125, 6.875, 15.75, 7.375 ], "texture": "#texture" },
				"up": { "uv": [ 15.125, 6.875, 15.75, 7.375 ], "texture": "#texture" },
				"north": { "uv": [ 14.9375, 7.375, 14.3125, 7.9375 ], "texture": "#texture" },
				"south": { "uv": [ 14.3125, 7.375, 14.9375, 7.9375 ], "texture": "#texture" },
				"west": { "uv": [ 14.375, 7.25, 14.875, 7.8125 ], "texture": "#texture" },
				"east": { "uv": [ 14.375, 7.25, 14.875, 7.8125 ], "texture": "#texture" }
			}
		},
		{
			"from": [ 6.0625, 8.5, 4.3125 ],
			"to": [ 6.25, 8.875, 4.6875 ],
			"faces": {
				"down": { "uv": [ 7.375, 8.125, 7.875, 8.625 ], "texture": "#texture" },
				"up": { "uv": [ 7.375, 8.125, 7.875, 8.625 ], "texture": "#texture" },
				"north": { "uv": [ 7.375, 8.125, 7.875, 8.625 ], "texture": "#texture" },
				"south": { "uv": [ 7.375, 8.125, 7.875, 8.625 ], "texture": "#texture" },
				"west": { "uv": [ 7.625, 8.25, 8, 8.625 ], "texture": "#texture" },
				"east": { "uv": [ 7.625, 8.25, 8, 8.625 ], "texture": "#texture" }
			}
		},
		{
			"from": [ 5.125, 8.5, 4.375 ],
			"to": [ 5.3125, 8.875, 4.75 ],
			"faces": {
				"down": { "uv": [ 7.625, 8.375, 8.125, 8.5 ], "texture": "#texture" },
				"up": { "uv": [ 7.625, 8.375, 8.125, 8.5 ], "texture": "#texture" },
				"north": { "uv": [ 7.5, 8.375, 8, 8.625 ], "texture": "#texture" },
				"south": { "uv": [ 7.5, 8.375, 8, 8.625 ], "texture": "#texture" },
				"west": { "uv": [ 7.625, 8.375, 8.125, 8.625 ], "texture": "#texture" },
				"east": { "uv": [ 7.625, 8.375, 8.125, 8.625 ], "texture": "#texture" }
			}
		},
		{
			"from": [ 4, 9.1875, 4.25 ],
			"to": [ 4.125, 9.25, 4.75 ],
			"faces": {
				"down": { "uv": [ 9, 8, 9.5, 8.5 ], "texture": "#texture" },
				"up": { "uv": [ 9, 8, 9.5, 8.5 ], "texture": "#texture" },
				"north": { "uv": [ 9.5, 9, 9.375, 9 ], "texture": "#texture" },
				"south": { "uv": [ 9.5, 9, 9.375, 9 ], "texture": "#texture" },
				"west": { "uv": [ 9.5, 9, 9.5, 9.125 ], "texture": "#texture" },
				"east": { "uv": [ 9.5, 9, 9.5, 9.125 ], "texture": "#texture" }
			}
		},
		{
			"from": [ 8.625, 7.5625, 4.125 ],
			"to": [ 9.375, 7.75, 4.875 ],
			"faces": {
				"down": { "uv": [ 7.625, 8.25, 7.875, 8.375 ], "texture": "#texture" },
				"up": { "uv": [ 7.625, 8.25, 7.875, 8.375 ], "texture": "#texture" },
				"north": { "uv": [ 7.625, 8.125, 7.625, 8.375 ], "texture": "#texture" },
				"south": { "uv": [ 7.625, 8.125, 7.625, 8.375 ], "texture": "#texture" },
				"west": { "uv": [ 7.875, 8.375, 7.625, 8.375 ], "texture": "#texture" },
				"east": { "uv": [ 7.875, 8.375, 7.625, 8.375 ], "texture": "#texture" }
			}
		},
		{
			"from": [ 9.375, 7.5625, 4.5625 ],
			"to": [ 11.5625, 7.75, 4.75 ],
			"faces": {
				"down": { "uv": [ 9.375, 4.5625, 11.5625, 4.75 ], "texture": "#texture" },
				"up": { "uv": [ 9.375, 4.5625, 11.5625, 4.75 ], "texture": "#texture" },
				"north": { "uv": [ 9.375, 5.5, 11.5625, 6 ], "texture": "#texture" },
				"south": { "uv": [ 9.375, 5, 11.5625, 5.5 ], "texture": "#texture" },
				"west": { "uv": [ 4.5625, 8.25, 4.75, 8.4375 ], "texture": "#texture" },
				"east": { "uv": [ 4.5625, 8.25, 4.75, 8.4375 ], "texture": "#texture" }
			}
		},
		{
			"from": [ 11.4375, 7.5, 4.5 ],
			"to": [ 12, 7.8125, 4.8125 ],
			"faces": {
				"down": { "uv": [ 15.125, 7.75, 15.6875, 8 ], "texture": "#texture" },
				"up": { "uv": [ 15.125, 7.75, 15.6875, 8 ], "texture": "#texture" },
				"north": { "uv": [ 14.75, 7.625, 15.3125, 8.125 ], "texture": "#texture" },
				"south": { "uv": [ 14.75, 7.625, 15.3125, 8.125 ], "texture": "#texture" },
				"west": { "uv": [ 14.5, 7.5, 15, 8 ], "texture": "#texture" },
				"east": { "uv": [ 14.5, 7.5, 15, 8 ], "texture": "#texture" }
			}
		},
		{
			"from": [ 5.4375, 8.75, 4.25 ],
			"to": [ 5.9375, 9.25, 4.75 ],
			"faces": {
				"down": { "uv": [ 8.625, 7.875, 9.125, 8.375 ], "texture": "#texture" },
				"up": { "uv": [ 8.625, 7.875, 9.125, 8.375 ], "texture": "#texture" },
				"north": { "uv": [ 9.375, 7.875, 8.875, 8.375 ], "texture": "#texture" },
				"south": { "uv": [ 9.375, 7.875, 8.875, 8.375 ], "texture": "#texture" },
				"west": { "uv": [ 8.75, 7.875, 9.25, 8.375 ], "texture": "#texture" },
				"east": { "uv": [ 8.75, 7.875, 9.25, 8.375 ], "texture": "#texture" }
			}
		},
		{
			"from": [ 5.875, 8.875, 4.3125 ],
			"to": [ 6.625, 9.125, 4.6875 ],
			"faces": {
				"down": { "uv": [ 10.125, 4.6875, 9.375, 4.3125 ], "texture": "#texture" },
				"up": { "uv": [ 5.875, 4.3125, 6.625, 4.6875 ], "texture": "#texture" },
				"north": { "uv": [ 6.625, 6.875, 5.875, 7.125 ], "texture": "#texture" },
				"south": { "uv": [ 5.875, 6.875, 6.625, 7.125 ], "texture": "#texture" },
				"west": { "uv": [ 4.3125, 6.875, 4.6875, 7.125 ], "texture": "#texture" },
				"east": { "uv": [ 4.6875, 6.875, 4.3125, 7.125 ], "texture": "#texture" }
			}
		},
		{
			"from": [ 4.375, 8.875, 4.3125 ],
			"to": [ 5.5, 9.1875, 4.6875 ],
			"faces": {
				"down": { "uv": [ 11.625, 4.6875, 10.5, 4.3125 ], "texture": "#texture" },
				"up": { "uv": [ 4.375, 4.3125, 5.5, 4.6875 ], "texture": "#texture" },
				"north": { "uv": [ 5.5, 6.8125, 4.375, 7.125 ], "texture": "#texture" },
				"south": { "uv": [ 4.375, 6.8125, 5.5, 7.125 ], "texture": "#texture" },
				"west": { "uv": [ 4.3125, 6.8125, 4.6875, 7.125 ], "texture": "#texture" },
				"east": { "uv": [ 4.6875, 6.8125, 4.3125, 7.125 ], "texture": "#texture" }
			}
		},
		{
			"from": [ 5.125, 7.1875, 4.3125 ],
			"to": [ 6, 7.625, 4.6875 ],
			"faces": {
				"down": { "uv": [ 10.875, 4.6875, 10, 4.3125 ], "texture": "#texture" },
				"up": { "uv": [ 5.125, 4.3125, 6, 4.6875 ], "texture": "#texture" },
				"north": { "uv": [ 6.625, 9.75, 5.75, 10.25 ], "texture": "#texture" },
				"south": { "uv": [ 6.625, 9.75, 5.75, 10.25 ], "texture": "#texture" },
				"west": { "uv": [ 5.625, 10.875, 6, 11.375 ], "texture": "#texture" },
				"east": { "uv": [ 5.625, 10.875, 6, 11.375 ], "texture": "#texture" }
			}
		},
		{
			"from": [ 6.5, 8.875, 4.25 ],
			"to": [ 7, 9.125, 4.75 ],
			"rotation": { "origin": [ 6.5, 9.125, 4.25 ], "axis": "z", "angle": 22.5 },
			"faces": {
				"down": { "uv": [ 6.5, 4.25, 7, 4.75 ], "texture": "#texture" },
				"up": { "uv": [ 6.5, 4.25, 7, 4.75 ], "texture": "#texture" },
				"north": { "uv": [ 6.75, 5.875, 7.25, 6.125 ], "texture": "#texture" },
				"south": { "uv": [ 6.75, 5.875, 7.25, 6.125 ], "texture": "#texture" },
				"west": { "uv": [ 4.25, 6.875, 4.75, 7.125 ], "texture": "#texture" },
				"east": { "uv": [ 4.25, 6.875, 4.75, 7.125 ], "texture": "#texture" }
			}
		},
		{
			"from": [ 6.6875, 8.875, 4.25 ],
			"to": [ 7.125, 9.1875, 4.6875 ],
			"rotation": { "origin": [ 6.6875, 9.1875, 4.25 ], "axis": "z", "angle": -22.5 },
			"faces": {
				"down": { "uv": [ 9.3125, 4.6875, 8.875, 4.25 ], "texture": "#texture" },
				"up": { "uv": [ 6.6875, 4.25, 7.125, 4.6875 ], "texture": "#texture" },
				"north": { "uv": [ 9.5, 4.5, 10, 5 ], "texture": "#texture" },
				"south": { "uv": [ 6.5, 4.5, 7, 5 ], "texture": "#texture" },
				"west": { "uv": [ 4.25, 6.8125, 4.6875, 7.125 ], "texture": "#texture" },
				"east": { "uv": [ 4.6875, 6.8125, 4.25, 7.125 ], "texture": "#texture" }
			}
		},
		{
			"from": [ 11.4375, 7.5, 4.1875 ],
			"to": [ 12, 7.8125, 4.4375 ],
			"faces": {
				"down": { "uv": [ 14.875, 7.5, 15.4375, 7.75 ], "texture": "#texture" },
				"up": { "uv": [ 14.875, 7.5, 15.4375, 7.75 ], "texture": "#texture" },
				"north": { "uv": [ 15.375, 7.625, 14.8125, 8.125 ], "texture": "#texture" },
				"south": { "uv": [ 15.375, 7.625, 14.8125, 8.125 ], "texture": "#texture" },
				"west": { "uv": [ 14.5, 7, 15, 7.5 ], "texture": "#texture" },
				"east": { "uv": [ 14.5, 7, 15, 7.5 ], "texture": "#texture" }
			}
		},
		{
			"from": [ 4.125, 8.75, 4.25 ],
			"to": [ 4.5, 9.25, 4.75 ],
			"faces": {
				"down": { "uv": [ 4.125, 4.25, 4.5, 4.75 ], "texture": "#texture" },
				"up": { "uv": [ 4.125, 4.25, 4.5, 4.75 ], "texture": "#texture" },
				"north": { "uv": [ 2.25, 4.875, 3.25, 6.125 ], "texture": "#texture" },
				"south": { "uv": [ 2.25, 4.875, 3.25, 6.125 ], "texture": "#texture" },
				"west": { "uv": [ 4, 8.625, 4.5, 9.125 ], "texture": "#texture" },
				"east": { "uv": [ 4.25, 6.75, 4.75, 7.25 ], "texture": "#texture" }
			}
		},
		{
			"from": [ 6.0625, 8.875, 4.25 ],
			"to": [ 6.25, 9.25, 4.75 ],
			"faces": {
				"down": { "uv": [ 7.375, 8.125, 7.875, 8.625 ], "texture": "#texture" },
				"up": { "uv": [ 7.375, 8.125, 7.875, 8.625 ], "texture": "#texture" },
				"north": { "uv": [ 7.5, 8.25, 8, 8.625 ], "texture": "#texture" },
				"south": { "uv": [ 7.5, 8.25, 8, 8.75 ], "texture": "#texture" },
				"west": { "uv": [ 7.625, 8.25, 8.125, 8.625 ], "texture": "#texture" },
				"east": { "uv": [ 7.625, 8.25, 8.125, 8.625 ], "texture": "#texture" }
			}
		},
		{
			"from": [ 5.125, 8.75, 4.25 ],
			"to": [ 5.3125, 9.25, 4.75 ],
			"faces": {
				"down": { "uv": [ 7.5, 8.125, 7.875, 8.375 ], "texture": "#texture" },
				"up": { "uv": [ 7.5, 8.125, 7.875, 8.375 ], "texture": "#texture" },
				"north": { "uv": [ 7.5, 8.25, 8, 8.625 ], "texture": "#texture" },
				"south": { "uv": [ 7.5, 8.25, 8, 8.625 ], "texture": "#texture" },
				"west": { "uv": [ 7.375, 8.125, 7.875, 8.625 ], "texture": "#texture" },
				"east": { "uv": [ 7.375, 8.125, 7.875, 8.625 ], "texture": "#texture" }
			}
		},
		{
			"from": [ 4.4375, 7.5, 4.25 ],
			"to": [ 4.5625, 7.75, 4.625 ],
			"faces": {
				"down": { "uv": [ 9.25, 8.75, 9, 8.75 ], "texture": "#texture" },
				"up": { "uv": [ 9.25, 8.75, 9, 8.75 ], "texture": "#texture" },
				"north": { "uv": [ 9.625, 8.5, 9.5, 8.375 ], "texture": "#texture" },
				"south": { "uv": [ 9.625, 8.5, 9.5, 8.375 ], "texture": "#texture" },
				"west": { "uv": [ 9.625, 8.875, 10, 9.375 ], "texture": "#texture" },
				"east": { "uv": [ 9.625, 8.875, 10, 9.375 ], "texture": "#texture" }
			}
		},
		{
			"from": [ 4.4375, 7.25, 4.125 ],
			"to": [ 4.5625, 7.5, 4.875 ],
			"rotation": { "origin": [ 4.4375, 7.5, 4.125 ], "axis": "z", "angle": 45 },
			"faces": {
				"down": { "uv": [ 8.375, 7.5, 8.875, 7.625 ], "texture": "#texture" },
				"up": { "uv": [ 8.375, 7.5, 8.875, 7.625 ], "texture": "#texture" },
				"north": { "uv": [ 9.5, 8.75, 9.5, 8.75 ], "texture": "#texture" },
				"south": { "uv": [ 9.5, 8.75, 9.5, 8.75 ], "texture": "#texture" },
				"west": { "uv": [ 9.25, 8.25, 9.25, 8.5 ], "texture": "#texture" },
				"east": { "uv": [ 9.25, 8.25, 9.25, 8.5 ], "texture": "#texture" }
			}
		},
		{
			"from": [ 5.375, 8.375, 4.375 ],
			"to": [ 5.4375, 8.625, 4.75 ],
			"faces": {
				"down": { "uv": [ 10.625, 4.75, 10.5625, 4.375 ], "texture": "#texture" },
				"up": { "uv": [ 5.375, 4.375, 5.4375, 4.75 ], "texture": "#texture" },
				"north": { "uv": [ 5.4375, 7.3125, 5.375, 7.5625 ], "texture": "#texture" },
				"south": { "uv": [ 5.375, 7.3125, 5.4375, 7.5625 ], "texture": "#texture" },
				"west": { "uv": [ 4.375, 7.3125, 4.75, 7.5625 ], "texture": "#texture" },
				"east": { "uv": [ 4.75, 7.3125, 4.375, 7.5625 ], "texture": "#texture" }
			}
		},
		{
			"from": [ 5, 8.4375, 4.375 ],
			"to": [ 5.0625, 8.6875, 4.75 ],
			"faces": {
				"down": { "uv": [ 7.625, 8.125, 7.625, 8.25 ], "texture": "#texture" },
				"up": { "uv": [ 7.625, 8.125, 7.625, 8.25 ], "texture": "#texture" },
				"north": { "uv": [ 7.75, 8.125, 7.75, 8.125 ], "texture": "#texture" },
				"south": { "uv": [ 7.75, 8.125, 7.75, 8.125 ], "texture": "#texture" },
				"west": { "uv": [ 7.5, 8.125, 7.5, 8.125 ], "texture": "#texture" },
				"east": { "uv": [ 7.5, 8.125, 7.5, 8.125 ], "texture": "#texture" }
			}
		},
		{
			"from": [ 4.875, 8.4375, 4.375 ],
			"to": [ 4.9375, 8.6875, 4.75 ],
			"faces": {
				"down": { "uv": [ 7.75, 8.5, 7.75, 8.5 ], "texture": "#texture" },
				"up": { "uv": [ 7.75, 8.5, 7.75, 8.5 ], "texture": "#texture" },
				"north": { "uv": [ 7.375, 8.25, 7.375, 8.25 ], "texture": "#texture" },
				"south": { "uv": [ 7.375, 8.25, 7.375, 8.25 ], "texture": "#texture" },
				"west": { "uv": [ 7.375, 8.125, 7.875, 8.625 ], "texture": "#texture" },
				"east": { "uv": [ 7.375, 8.125, 7.875, 8.625 ], "texture": "#texture" }
			}
		},
		{
			"from": [ 4.75, 8.4375, 4.375 ],
			"to": [ 4.8125, 8.6875, 4.75 ],
			"faces": {
				"down": { "uv": [ 7.625, 8.5, 7.75, 8.375 ], "texture": "#texture" },
				"up": { "uv": [ 7.625, 8.5, 7.75, 8.375 ], "texture": "#texture" },
				"north": { "uv": [ 7.625, 8.125, 7.75, 8.25 ], "texture": "#texture" },
				"south": { "uv": [ 7.625, 8.125, 7.75, 8.25 ], "texture": "#texture" },
				"west": { "uv": [ 7.5, 8, 7.5, 8 ], "texture": "#texture" },
				"east": { "uv": [ 7.5, 8, 7.5, 8 ], "texture": "#texture" }
			}
		},
		{
			"from": [ 5.5625, 8.4375, 4.375 ],
			"to": [ 5.625, 8.6875, 4.75 ],
			"faces": {
				"down": { "uv": [ 7.625, 8.375, 7.75, 8.5 ], "texture": "#texture" },
				"up": { "uv": [ 7.625, 8.375, 7.75, 8.5 ], "texture": "#texture" },
				"north": { "uv": [ 7.5, 8.25, 7.25, 8.25 ], "texture": "#texture" },
				"south": { "uv": [ 7.5, 8.25, 7.25, 8.25 ], "texture": "#texture" },
				"west": { "uv": [ 7.75, 8.25, 7.875, 8.25 ], "texture": "#texture" },
				"east": { "uv": [ 7.75, 8.25, 7.875, 8.25 ], "texture": "#texture" }
			}
		},
		{
			"from": [ 5.75, 8.4375, 4.375 ],
			"to": [ 5.8125, 8.6875, 4.75 ],
			"faces": {
				"down": { "uv": [ 7.625, 8.25, 7.625, 8.25 ], "texture": "#texture" },
				"up": { "uv": [ 7.625, 8.25, 7.625, 8.25 ], "texture": "#texture" },
				"north": { "uv": [ 7.625, 8.25, 7.625, 8.25 ], "texture": "#texture" },
				"south": { "uv": [ 7.625, 8.25, 7.625, 8.25 ], "texture": "#texture" },
				"west": { "uv": [ 7.5, 8.5, 7.625, 8.625 ], "texture": "#texture" },
				"east": { "uv": [ 7.5, 8.5, 7.625, 8.625 ], "texture": "#texture" }
			}
		},
		{
			"from": [ 5.875, 8.4375, 4.375 ],
			"to": [ 5.9375, 8.6875, 4.75 ],
			"faces": {
				"down": { "uv": [ 7.5, 8.25, 7.625, 8.25 ], "texture": "#texture" },
				"up": { "uv": [ 7.5, 8.25, 7.625, 8.25 ], "texture": "#texture" },
				"north": { "uv": [ 7.625, 8.25, 7.875, 8.375 ], "texture": "#texture" },
				"south": { "uv": [ 7.625, 8.25, 7.875, 8.375 ], "texture": "#texture" },
				"west": { "uv": [ 7.625, 8.125, 7.5, 8.375 ], "texture": "#texture" },
				"east": { "uv": [ 7.625, 8.125, 7.5, 8.375 ], "texture": "#texture" }
			}
		},
		{
			"from": [ 6.3125, 8.4375, 4.375 ],
			"to": [ 6.375, 8.6875, 4.75 ],
			"faces": {
				"down": { "uv": [ 7.75, 8.5, 7.875, 8.625 ], "texture": "#texture" },
				"up": { "uv": [ 7.75, 8.5, 7.875, 8.625 ], "texture": "#texture" },
				"north": { "uv": [ 7.625, 8.375, 7.75, 8.375 ], "texture": "#texture" },
				"south": { "uv": [ 7.625, 8.375, 7.75, 8.375 ], "texture": "#texture" },
				"west": { "uv": [ 7.875, 8.375, 7.875, 8.375 ], "texture": "#texture" },
				"east": { "uv": [ 7.875, 8.375, 7.875, 8.375 ], "texture": "#texture" }
			}
		},
		{
			"from": [ 6.4375, 8.4375, 4.375 ],
			"to": [ 6.5, 8.6875, 4.75 ],
			"faces": {
				"down": { "uv": [ 7.875, 8.5, 7.875, 8.625 ], "texture": "#texture" },
				"up": { "uv": [ 7.875, 8.5, 7.875, 8.625 ], "texture": "#texture" },
				"north": { "uv": [ 7.5, 8.375, 7.5, 8.5 ], "texture": "#texture" },
				"south": { "uv": [ 7.5, 8.375, 7.5, 8.5 ], "texture": "#texture" },
				"west": { "uv": [ 7.75, 8.25, 7.875, 8.25 ], "texture": "#texture" },
				"east": { "uv": [ 7.75, 8.25, 7.875, 8.25 ], "texture": "#texture" }
			}
		},
		{
			"from": [ 5.5, 8.8125, 4.125 ],
			"to": [ 5.875, 9.1875, 4.875 ],
			"faces": {
				"down": { "uv": [ 7.375, 8.125, 7.875, 8.5 ], "texture": "#texture" },
				"up": { "uv": [ 7.375, 8.125, 7.875, 8.5 ], "texture": "#texture" },
				"north": { "uv": [ 7.875, 8.25, 7.5, 8.625 ], "texture": "#texture" },
				"south": { "uv": [ 7.875, 8.25, 7.5, 8.625 ], "texture": "#texture" },
				"west": { "uv": [ 7.375, 8.25, 8, 8.625 ], "texture": "#texture" },
				"east": { "uv": [ 7.375, 8.25, 8, 8.625 ], "texture": "#texture" }
			}
		},
		{
			"from": [ 0.875, 6.875, 4.125 ],
			"to": [ 1.625, 7.125, 4.875 ],
			"faces": {
				"down": { "uv": [ 0.75, 2.75, 0.875, 3.625 ], "texture": "#texture" },
				"up": { "uv": [ 0.75, 2.75, 0.875, 3.625 ], "texture": "#texture" },
				"north": { "uv": [ 0.5, 2.5, 0.625, 3.25 ], "texture": "#texture" },
				"south": { "uv": [ 0.5, 2.5, 0.625, 3.25 ], "texture": "#texture" },
				"west": { "uv": [ 0.625, 2.625, 0.625, 3.125 ], "texture": "#texture" },
				"east": { "uv": [ 0.625, 2.625, 0.625, 3.125 ], "texture": "#texture" }
			}
		},
		{
			"from": [ 4.125, 7.75, 4.125 ],
			"to": [ 5, 8, 4.875 ],
			"faces": {
				"down": { "uv": [ 11.875, 4.875, 11, 4.125 ], "texture": "#texture" },
				"up": { "uv": [ 4.125, 4.125, 5, 4.875 ], "texture": "#texture" },
				"north": { "uv": [ 5, 8, 4.125, 8.25 ], "texture": "#texture" },
				"south": { "uv": [ 4.125, 8, 5, 8.25 ], "texture": "#texture" },
				"west": { "uv": [ 4.125, 8, 4.875, 8.25 ], "texture": "#texture" },
				"east": { "uv": [ 4.875, 8, 4.125, 8.25 ], "texture": "#texture" }
			}
		},
		{
			"from": [ 6.5, 7.625, 4.125 ],
			"to": [ 6.875, 7.875, 4.875 ],
			"rotation": { "origin": [ 6.5, 7.875, 4.125 ], "axis": "z", "angle": 22.5 },
			"faces": {
				"down": { "uv": [ 9.5, 4.875, 9.125, 4.125 ], "texture": "#texture" },
				"up": { "uv": [ 6.5, 4.125, 6.875, 4.875 ], "texture": "#texture" },
				"north": { "uv": [ 6.875, 8.125, 6.5, 8.375 ], "texture": "#texture" },
				"south": { "uv": [ 6.5, 8.125, 6.875, 8.375 ], "texture": "#texture" },
				"west": { "uv": [ 4.125, 8.125, 4.875, 8.375 ], "texture": "#texture" },
				"east": { "uv": [ 4.875, 8.125, 4.125, 8.375 ], "texture": "#texture" }
			}
		},
		{
			"from": [ 5.5, 8.9375, 4.3125 ],
			"to": [ 5.875, 9.3125, 4.6875 ],
			"faces": {
				"down": { "uv": [ 7.5, 8.125, 7.875, 8.5 ], "texture": "#texture" },
				"up": { "uv": [ 7.5, 8.125, 7.875, 8.5 ], "texture": "#texture" },
				"north": { "uv": [ 7.875, 8.25, 7.5, 8.625 ], "texture": "#texture" },
				"south": { "uv": [ 7.875, 8.25, 7.5, 8.625 ], "texture": "#texture" },
				"west": { "uv": [ 7.5, 8.25, 7.875, 8.625 ], "texture": "#texture" },
				"east": { "uv": [ 7.5, 8.25, 7.875, 8.625 ], "texture": "#texture" }
			}
		},
		{
			"from": [ 6.9375, 8.75, 4.1875 ],
			"to": [ 7.4375, 9.3125, 4.8125 ],
			"faces": {
				"down": { "uv": [ 2.75, 3.875, 3.25, 4.375 ], "texture": "#texture" },
				"up": { "uv": [ 2.25, 2.375, 2.75, 2.875 ], "texture": "#texture" },
				"north": { "uv": [ 2, 2.625, 3.25, 3.625 ], "texture": "#texture" },
				"south": { "uv": [ 3.125, 2.625, 2, 3.5 ], "texture": "#texture" },
				"west": { "uv": [ 3.25, 4.875, 3.625, 5.375 ], "texture": "#texture" },
				"east": { "uv": [ 1.375, 3.5, 1.5, 4 ], "texture": "#texture" }
			}
		},
		{
			"from": [ 6.25, 7.625, 4.125 ],
			"to": [ 6.625, 8, 4.875 ],
			"faces": {
				"down": { "uv": [ 9.75, 4.875, 9.375, 4.125 ], "texture": "#texture" },
				"up": { "uv": [ 6.25, 4.125, 6.625, 4.875 ], "texture": "#texture" },
				"north": { "uv": [ 6.625, 8, 6.25, 8.375 ], "texture": "#texture" },
				"south": { "uv": [ 6.25, 8, 6.625, 8.375 ], "texture": "#texture" },
				"west": { "uv": [ 4.125, 8, 4.875, 8.375 ], "texture": "#texture" },
				"east": { "uv": [ 4.875, 8, 4.125, 8.375 ], "texture": "#texture" }
			}
		},
		{
			"from": [ 4, 8.75, 4.25 ],
			"to": [ 4.125, 8.8125, 4.75 ],
			"faces": {
				"down": { "uv": [ 9.125, 8, 9.375, 8.5 ], "texture": "#texture" },
				"up": { "uv": [ 9.125, 8, 9.375, 8.5 ], "texture": "#texture" },
				"north": { "uv": [ 8.875, 8.125, 9.375, 8.625 ], "texture": "#texture" },
				"south": { "uv": [ 8.875, 8.125, 9.375, 8.625 ], "texture": "#texture" },
				"west": { "uv": [ 8.875, 8.125, 9.375, 8.625 ], "texture": "#texture" },
				"east": { "uv": [ 8.875, 8.125, 9.375, 8.625 ], "texture": "#texture" }
			}
		},
		{
			"from": [ 4, 8.75, 4.6875 ],
			"to": [ 4.125, 9.25, 4.75 ],
			"faces": {
				"down": { "uv": [ 9.125, 8.875, 9.625, 9.375 ], "texture": "#texture" },
				"up": { "uv": [ 9.125, 8.875, 9.625, 9.375 ], "texture": "#texture" },
				"north": { "uv": [ 8.625, 8, 8.875, 7.875 ], "texture": "#texture" },
				"south": { "uv": [ 8.625, 8, 8.875, 7.875 ], "texture": "#texture" },
				"west": { "uv": [ 9, 9, 9.5, 9.5 ], "texture": "#texture" },
				"east": { "uv": [ 9, 9, 9.5, 9.5 ], "texture": "#texture" }
			}
		},
		{
			"from": [ 4, 8.75, 4.25 ],
			"to": [ 4.125, 9.25, 4.3125 ],
			"faces": {
				"down": { "uv": [ 8.75, 7.875, 9, 7.75 ], "texture": "#texture" },
				"up": { "uv": [ 8.75, 7.875, 9, 7.75 ], "texture": "#texture" },
				"north": { "uv": [ 9, 8.5, 9.5, 9 ], "texture": "#texture" },
				"south": { "uv": [ 9, 8.5, 9.5, 9 ], "texture": "#texture" },
				"west": { "uv": [ 8.75, 8.125, 9, 7.625 ], "texture": "#texture" },
				"east": { "uv": [ 8.75, 8.125, 9, 7.625 ], "texture": "#texture" }
			}
		},
		{
			"from": [ 9.25, 7.5625, 4.25 ],
			"to": [ 11.4375, 7.75, 4.4375 ],
			"faces": {
				"down": { "uv": [ 6.75, 4.4375, 4.5625, 4.25 ], "texture": "#texture" },
				"up": { "uv": [ 9.25, 4.25, 11.4375, 4.4375 ], "texture": "#texture" },
				"north": { "uv": [ 11.4375, 4.5, 9.25, 5 ], "texture": "#texture" },
				"south": { "uv": [ 9.25, 3, 11.4375, 3.5 ], "texture": "#texture" },
				"west": { "uv": [ 4.25, 8.25, 4.4375, 8.4375 ], "texture": "#texture" },
				"east": { "uv": [ 4.4375, 8.25, 4.25, 8.4375 ], "texture": "#texture" }
			}
		},
		{
			"from": [ 10.375, 7.5, 4.5 ],
			"to": [ 10.875, 7.8125, 4.8125 ],
			"faces": {
				"down": { "uv": [ 8.75, 7.75, 9.25, 8.0625 ], "texture": "#texture" },
				"up": { "uv": [ 8.75, 7.75, 9.25, 8.0625 ], "texture": "#texture" },
				"north": { "uv": [ 9.375, 8.125, 8.875, 8.4375 ], "texture": "#texture" },
				"south": { "uv": [ 9.375, 8.125, 8.875, 8.4375 ], "texture": "#texture" },
				"west": { "uv": [ 9, 8.625, 9.3125, 8.9375 ], "texture": "#texture" },
				"east": { "uv": [ 9, 8.625, 9.3125, 8.9375 ], "texture": "#texture" }
			}
		},
		{
			"from": [ 10.375, 7.5, 4.125 ],
			"to": [ 10.875, 7.8125, 4.4375 ],
			"faces": {
				"down": { "uv": [ 9, 8.625, 9.5, 9.125 ], "texture": "#texture" },
				"up": { "uv": [ 9, 8.625, 9.5, 9.125 ], "texture": "#texture" },
				"north": { "uv": [ 9.125, 8.125, 8.625, 8.625 ], "texture": "#texture" },
				"south": { "uv": [ 9.125, 8.125, 8.625, 8.625 ], "texture": "#texture" },
				"west": { "uv": [ 8.5, 8, 9, 8.5 ], "texture": "#texture" },
				"east": { "uv": [ 8.5, 8, 9, 8.5 ], "texture": "#texture" }
			}
		},
		{
			"from": [ 5, 7.375, 4.125 ],
			"to": [ 5.125, 7.875, 4.875 ],
			"faces": {
				"down": { "uv": [ 11, 4.875, 10.875, 4.125 ], "texture": "#texture" },
				"up": { "uv": [ 5, 4.125, 5.125, 4.875 ], "texture": "#texture" },
				"north": { "uv": [ 5.125, 8.125, 5, 8.625 ], "texture": "#texture" },
				"south": { "uv": [ 5, 8.125, 5.125, 8.625 ], "texture": "#texture" },
				"west": { "uv": [ 4.125, 8.125, 4.875, 8.625 ], "texture": "#texture" },
				"east": { "uv": [ 4.875, 8.125, 4.125, 8.625 ], "texture": "#texture" }
			}
		},
		{
			"from": [ 4.5, 9.125, 4.3125 ],
			"to": [ 5, 9.25, 4.6875 ],
			"rotation": { "origin": [ 4.5, 9.25, 4.3125 ], "axis": "z", "angle": -22.5 },
			"faces": {
				"down": { "uv": [ 11.5, 4.6875, 11, 4.3125 ], "texture": "#texture" },
				"up": { "uv": [ 4.5, 4.3125, 5, 4.6875 ], "texture": "#texture" },
				"north": { "uv": [ 5, 6.75, 4.5, 6.875 ], "texture": "#texture" },
				"south": { "uv": [ 4.5, 6.75, 5, 6.875 ], "texture": "#texture" },
				"west": { "uv": [ 4.3125, 6.75, 4.6875, 6.875 ], "texture": "#texture" },
				"east": { "uv": [ 4.6875, 6.75, 4.3125, 6.875 ], "texture": "#texture" }
			}
		},
		{
			"from": [ 4.4375, 8.75, 4.3125 ],
			"to": [ 4.9375, 8.875, 4.6875 ],
			"rotation": { "origin": [ 4.4375, 8.875, 4.3125 ], "axis": "z", "angle": 22.5 },
			"faces": {
				"down": { "uv": [ 11.5625, 4.6875, 11.0625, 4.3125 ], "texture": "#texture" },
				"up": { "uv": [ 4.4375, 4.3125, 4.9375, 4.6875 ], "texture": "#texture" },
				"north": { "uv": [ 4.9375, 7.125, 4.4375, 7.25 ], "texture": "#texture" },
				"south": { "uv": [ 4.4375, 7.125, 4.9375, 7.25 ], "texture": "#texture" },
				"west": { "uv": [ 4.3125, 7.125, 4.6875, 7.25 ], "texture": "#texture" },
				"east": { "uv": [ 4.6875, 7.125, 4.3125, 7.25 ], "texture": "#texture" }
			}
		},
		{
			"from": [ 4.625, 8.375, 5.25 ],
			"to": [ 5.75, 8.5, 5.375 ],
			"rotation": { "origin": [ 4.625, 8.375, 5.25 ], "axis": "y", "angle": 45 },
			"faces": {
				"down": { "uv": [ 11.375, 5.375, 10.25, 5.25 ], "texture": "#texture" },
				"up": { "uv": [ 4.625, 5.25, 5.75, 5.375 ], "texture": "#texture" },
				"north": { "uv": [ 5.75, 7.5, 4.625, 7.625 ], "texture": "#texture" },
				"south": { "uv": [ 4.625, 7.5, 5.75, 7.625 ], "texture": "#texture" },
				"west": { "uv": [ 5.25, 7.5, 5.375, 7.625 ], "texture": "#texture" },
				"east": { "uv": [ 5.375, 7.5, 5.25, 7.625 ], "texture": "#texture" }
			}
		},
		{
			"from": [ 4.1875, 8.25, 5.25 ],
			"to": [ 4.6875, 8.5625, 5.625 ],
			"rotation": { "origin": [ 4.1875, 8.25, 5.25 ], "axis": "y", "angle": 22.5 },
			"faces": {
				"down": { "uv": [ 8.5, 7.875, 9, 8.25 ], "texture": "#texture" },
				"up": { "uv": [ 8.5, 7.875, 9, 8.25 ], "texture": "#texture" },
				"north": { "uv": [ 9.25, 8.125, 8.75, 8.4375 ], "texture": "#texture" },
				"south": { "uv": [ 9.25, 8.125, 8.75, 8.4375 ], "texture": "#texture" },
				"west": { "uv": [ 8.75, 8.25, 9.125, 8.5625 ], "texture": "#texture" },
				"east": { "uv": [ 8.75, 8.25, 9.125, 8.5625 ], "texture": "#texture" }
			}
		},
		{
			"from": [ 3, 6.9875, 4.125 ],
			"to": [ 3.35156, 7.05, 4.875 ],
			"faces": {
				"down": { "uv": [ 13, 4.875, 12.6484, 4.125 ], "texture": "#texture" },
				"up": { "uv": [ 3, 4.125, 3.35156, 4.875 ], "texture": "#texture" },
				"north": { "uv": [ 3.35156, 8.95, 3, 9.0125 ], "texture": "#texture" },
				"south": { "uv": [ 3, 8.95, 3.35156, 9.0125 ], "texture": "#texture" },
				"west": { "uv": [ 4.125, 8.95, 4.875, 9.0125 ], "texture": "#texture" },
				"east": { "uv": [ 4.875, 8.95, 4.125, 9.0125 ], "texture": "#texture" }
			}
		},
		{
			"from": [ 3.3125, 6.9746, 4.1775 ],
			"to": [ 3.5625, 7.06249, 4.9275 ],
			"rotation": { "origin": [ 3.3125, 7.0625, 4.1775 ], "axis": "z", "angle": 22.5 },
			"faces": {
				"down": { "uv": [ 12.6875, 4.875, 12.4375, 4.125 ], "texture": "#texture" },
				"up": { "uv": [ 4, 8.5, 4.25, 9.25 ], "texture": "#texture" },
				"north": { "uv": [ 3.5625, 8.9375, 3.3125, 9 ], "texture": "#texture" },
				"south": { "uv": [ 3.3125, 8.9375, 3.5625, 9 ], "texture": "#texture" },
				"west": { "uv": [ 4.125, 8.9375, 4.875, 9 ], "texture": "#texture" },
				"east": { "uv": [ 4.875, 8.9375, 4.125, 9 ], "texture": "#texture" }
			}
		},
		{
			"from": [ 2.709, 7.0668, 4.1277 ],
			"to": [ 2.79689, 7.33047, 4.8777 ],
			"rotation": { "origin": [ 2.70898, 7.33044, 4.12769 ], "axis": "z", "angle": 22.5 },
			"faces": {
				"down": { "uv": [ 13.25, 4.875, 13.1875, 4.125 ], "texture": "#texture" },
				"up": { "uv": [ 2.6875, 4.125, 2.75, 4.875 ], "texture": "#texture" },
				"north": { "uv": [ 2.75, 8.625, 2.6875, 8.875 ], "texture": "#texture" },
				"south": { "uv": [ 2.6875, 8.625, 2.75, 8.875 ], "texture": "#texture" },
				"west": { "uv": [ 4.25, 9.625, 5, 9.875 ], "texture": "#texture" },
				"east": { "uv": [ 4.25, 9.625, 5, 9.875 ], "texture": "#texture" }
			}
		},
		{
			"from": [ 2.709, 7.3085, 4.1277 ],
			"to": [ 2.79689, 7.61612, 4.8777 ],
			"faces": {
				"down": { "uv": [ 13.291, 4.877689, 13.2031, 4.127689 ], "texture": "#texture" },
				"up": { "uv": [ 2.70898, 4.127689, 2.79687, 4.877689 ], "texture": "#texture" },
				"north": { "uv": [ 2.79687, 8.38387, 2.70898, 8.69149 ], "texture": "#texture" },
				"south": { "uv": [ 2.70898, 8.38387, 2.79687, 8.69149 ], "texture": "#texture" },
				"west": { "uv": [ 4.12769, 8.38387, 4.87769, 8.69149 ], "texture": "#texture" },
				"east": { "uv": [ 4.87769, 8.38387, 4.12769, 8.69149 ], "texture": "#texture" }
			}
		},
		{
			"from": [ 2.8408, 7.0668, 4.1277 ],
			"to": [ 3.10447, 7.154688, 4.8777 ],
			"rotation": { "origin": [ 2.84082, 7.15469, 4.12769 ], "axis": "z", "angle": -22.5 },
			"faces": {
				"down": { "uv": [ 13.1592, 4.877689, 12.8955, 4.127689 ], "texture": "#texture" },
				"up": { "uv": [ 2.84082, 4.127689, 3.10449, 4.877689 ], "texture": "#texture" },
				"north": { "uv": [ 3.10449, 8.84531, 2.84082, 8.9332 ], "texture": "#texture" },
				"south": { "uv": [ 2.84082, 8.84531, 3.10449, 8.9332 ], "texture": "#texture" },
				"west": { "uv": [ 4.12769, 8.84531, 4.87769, 8.9332 ], "texture": "#texture" },
				"east": { "uv": [ 4.87769, 8.84531, 4.12769, 8.9332 ], "texture": "#texture" }
			}
		},
		{
			"from": [ 3.6099, 7.1108, 4.1277 ],
			"to": [ 3.69779, 7.37447, 4.8777 ],
			"rotation": { "origin": [ 3.60986, 7.37444, 4.12769 ], "axis": "z", "angle": -22.5 },
			"faces": {
				"down": { "uv": [ 12.3901, 4.877689, 12.3022, 4.127689 ], "texture": "#texture" },
				"up": { "uv": [ 3.60986, 4.127689, 3.69775, 4.877689 ], "texture": "#texture" },
				"north": { "uv": [ 3.69775, 8.62556, 3.60986, 8.88923 ], "texture": "#texture" },
				"south": { "uv": [ 3.60986, 8.62556, 3.69775, 8.88923 ], "texture": "#texture" },
				"west": { "uv": [ 4.12769, 8.62556, 4.87769, 8.88923 ], "texture": "#texture" },
				"east": { "uv": [ 4.87769, 8.62556, 4.12769, 8.88923 ], "texture": "#texture" }
			}
		},
		{
			"from": [ 3.5879, 7.3304, 4.1277 ],
			"to": [ 3.67579, 7.63801, 4.8777 ],
			"faces": {
				"down": { "uv": [ 12.4121, 4.877689, 12.3242, 4.127689 ], "texture": "#texture" },
				"up": { "uv": [ 3.58789, 4.127689, 3.67578, 4.877689 ], "texture": "#texture" },
				"north": { "uv": [ 3.67578, 8.36194, 3.58789, 8.66955 ], "texture": "#texture" },
				"south": { "uv": [ 3.58789, 8.36194, 3.67578, 8.66955 ], "texture": "#texture" },
				"west": { "uv": [ 4.12769, 8.36194, 4.87769, 8.66955 ], "texture": "#texture" },
				"east": { "uv": [ 4.87769, 8.36194, 4.12769, 8.66955 ], "texture": "#texture" }
			}
		},
		{
			"from": [ 2.7969, 7.5721, 4.1277 ],
			"to": [ 2.88479, 7.83577, 4.8777 ],
			"rotation": { "origin": [ 2.79688, 7.83581, 4.12769 ], "axis": "z", "angle": -22.5 },
			"faces": {
				"down": { "uv": [ 13.2031, 4.877689, 13.1152, 4.127689 ], "texture": "#texture" },
				"up": { "uv": [ 2.79688, 4.127689, 2.88477, 4.877689 ], "texture": "#texture" },
				"north": { "uv": [ 2.88477, 8.16419, 2.79688, 8.42786 ], "texture": "#texture" },
				"south": { "uv": [ 2.79688, 8.16419, 2.88477, 8.42786 ], "texture": "#texture" },
				"west": { "uv": [ 4.12769, 8.16419, 4.87769, 8.42786 ], "texture": "#texture" },
				"east": { "uv": [ 4.87769, 8.16419, 4.12769, 8.42786 ], "texture": "#texture" }
			}
		},
		{
			"from": [ 3.478, 7.5941, 4.1277 ],
			"to": [ 3.5659, 7.85777, 4.8777 ],
			"rotation": { "origin": [ 3.47802, 7.85781, 4.12769 ], "axis": "z", "angle": 22.5 },
			"faces": {
				"down": { "uv": [ 12.522, 4.877689, 12.4341, 4.127689 ], "texture": "#texture" },
				"up": { "uv": [ 3.47802, 4.127689, 3.56592, 4.877689 ], "texture": "#texture" },
				"north": { "uv": [ 3.56592, 8.14219, 3.47802, 8.40586 ], "texture": "#texture" },
				"south": { "uv": [ 3.47802, 8.14219, 3.56592, 8.40586 ], "texture": "#texture" },
				"west": { "uv": [ 4.12769, 8.14219, 4.87769, 8.40586 ], "texture": "#texture" },
				"east": { "uv": [ 4.87769, 8.14219, 4.12769, 8.40586 ], "texture": "#texture" }
			}
		},
		{
			"from": [ 3.3462, 7.8798, 4.1277 ],
			"to": [ 3.60988, 7.96769, 4.8777 ],
			"rotation": { "origin": [ 3.34619, 7.96769, 4.12769 ], "axis": "z", "angle": -22.5 },
			"faces": {
				"down": { "uv": [ 12.6538, 4.877689, 12.3901, 4.127689 ], "texture": "#texture" },
				"up": { "uv": [ 3.34619, 4.127689, 3.60987, 4.877689 ], "texture": "#texture" },
				"north": { "uv": [ 3.60987, 8.03231, 3.34619, 8.1202 ], "texture": "#texture" },
				"south": { "uv": [ 3.34619, 8.03231, 3.60987, 8.1202 ], "texture": "#texture" },
				"west": { "uv": [ 4.12769, 8.03231, 4.87769, 8.1202 ], "texture": "#texture" },
				"east": { "uv": [ 4.87769, 8.03231, 4.12769, 8.1202 ], "texture": "#texture" }
			}
		},
		{
			"from": [ 2.75, 7.7699, 4.115 ],
			"to": [ 3.01367, 7.85779, 4.865 ],
			"rotation": { "origin": [ 2.75, 7.85781, 4.115 ], "axis": "z", "angle": 22.5 },
			"faces": {
				"down": { "uv": [ 13.25, 4.865, 12.9863, 4.115 ], "texture": "#texture" },
				"up": { "uv": [ 2.75, 4.115, 3.01367, 4.865 ], "texture": "#texture" },
				"north": { "uv": [ 3.01367, 8.14219, 2.75, 8.23008 ], "texture": "#texture" },
				"south": { "uv": [ 2.75, 8.14219, 3.01367, 8.23008 ], "texture": "#texture" },
				"west": { "uv": [ 4.115, 8.14219, 4.865, 8.23008 ], "texture": "#texture" },
				"east": { "uv": [ 4.865, 8.14219, 4.115, 8.23008 ], "texture": "#texture" }
			}
		},
		{
			"from": [ 3.0166, 7.9017, 4.1377 ],
			"to": [ 3.36816, 7.9896, 4.8377 ],
			"faces": {
				"down": { "uv": [ 12.9834, 4.83769, 12.6318, 4.13769 ], "texture": "#texture" },
				"up": { "uv": [ 3.0166, 4.13769, 3.36816, 4.83769 ], "texture": "#texture" },
				"north": { "uv": [ 3.36816, 8.01037, 3.0166, 8.09827 ], "texture": "#texture" },
				"south": { "uv": [ 3.0166, 8.01037, 3.36816, 8.09827 ], "texture": "#texture" },
				"west": { "uv": [ 4.13769, 8.01037, 4.83769, 8.09827 ], "texture": "#texture" },
				"east": { "uv": [ 4.83769, 8.01037, 4.13769, 8.09827 ], "texture": "#texture" }
			}
		},
		{
			"from": [ 3.625, 7, 4.125 ],
			"to": [ 4, 7.875, 4.875 ],
			"faces": {
				"down": { "uv": [ 12.375, 4.875, 12, 4.125 ], "texture": "#texture" },
				"up": { "uv": [ 3.625, 4.125, 4, 4.875 ], "texture": "#texture" },
				"north": { "uv": [ 4, 8.125, 3.625, 9 ], "texture": "#texture" },
				"south": { "uv": [ 3.625, 8.125, 4, 9 ], "texture": "#texture" },
				"west": { "uv": [ 4.125, 8.125, 4.875, 9 ], "texture": "#texture" },
				"east": { "uv": [ 4.875, 8.125, 4.125, 9 ], "texture": "#texture" }
			}
		},
		{
			"from": [ 3.5625, 7.75, 4.125 ],
			"to": [ 3.8125, 7.875, 4.875 ],
			"faces": {
				"down": { "uv": [ 12.4375, 4.875, 12.1875, 4.125 ], "texture": "#texture" },
				"up": { "uv": [ 3.5625, 4.125, 3.8125, 4.875 ], "texture": "#texture" },
				"north": { "uv": [ 3.8125, 8.125, 3.5625, 8.25 ], "texture": "#texture" },
				"south": { "uv": [ 3.5625, 8.125, 3.8125, 8.25 ], "texture": "#texture" },
				"west": { "uv": [ 4.125, 8.125, 4.875, 8.25 ], "texture": "#texture" },
				"east": { "uv": [ 4.875, 8.125, 4.125, 8.25 ], "texture": "#texture" }
			}
		},
		{
			"from": [ 2.75, 6.75, 4.125 ],
			"to": [ 3.125, 7, 4.875 ],
			"faces": {
				"down": { "uv": [ 13.25, 4.875, 12.875, 4.125 ], "texture": "#texture" },
				"up": { "uv": [ 2.75, 4.125, 3.125, 4.875 ], "texture": "#texture" },
				"north": { "uv": [ 3.125, 9, 2.75, 9.25 ], "texture": "#texture" },
				"south": { "uv": [ 2.75, 9, 3.125, 9.25 ], "texture": "#texture" },
				"west": { "uv": [ 4.125, 9, 4.875, 9.25 ], "texture": "#texture" },
				"east": { "uv": [ 4.875, 9, 4.125, 9.25 ], "texture": "#texture" }
			}
		},
		{
			"from": [ 3.5, 6.875, 4.125 ],
			"to": [ 3.75, 7.125, 4.875 ],
			"faces": {
				"down": { "uv": [ 12.5, 4.875, 12.25, 4.125 ], "texture": "#texture" },
				"up": { "uv": [ 3.5, 4.125, 3.75, 4.875 ], "texture": "#texture" },
				"north": { "uv": [ 3.75, 8.875, 3.5, 9.125 ], "texture": "#texture" },
				"south": { "uv": [ 3.5, 8.875, 3.75, 9.125 ], "texture": "#texture" },
				"west": { "uv": [ 4.125, 8.875, 4.875, 9.125 ], "texture": "#texture" },
				"east": { "uv": [ 4.875, 8.875, 4.125, 9.125 ], "texture": "#texture" }
			}
		},
		{
			"from": [ 5.375, 8.4375, 4.375 ],
			"to": [ 5.4375, 8.6875, 4.75 ],
			"faces": {
				"down": { "uv": [ 7.625, 8.375, 7.75, 8.5 ], "texture": "#texture" },
				"up": { "uv": [ 7.625, 8.375, 7.75, 8.5 ], "texture": "#texture" },
				"north": { "uv": [ 7.5, 8.25, 7.25, 8.25 ], "texture": "#texture" },
				"south": { "uv": [ 7.5, 8.25, 7.25, 8.25 ], "texture": "#texture" },
				"west": { "uv": [ 7.75, 8.25, 7.875, 8.25 ], "texture": "#texture" },
				"east": { "uv": [ 7.75, 8.25, 7.875, 8.25 ], "texture": "#texture" }
			}
		},
		{
			"from": [ 5.125, 7.0625, 4.3125 ],
			"to": [ 6, 7.1875, 4.6875 ],
			"faces": {
				"down": { "uv": [ 7.5, 8.25, 7.625, 8.375 ], "texture": "#texture" },
				"up": { "uv": [ 7.5, 8.25, 7.625, 8.375 ], "texture": "#texture" },
				"north": { "uv": [ 7.625, 8.375, 7.625, 8.5 ], "texture": "#texture" },
				"south": { "uv": [ 7.625, 8.375, 7.625, 8.5 ], "texture": "#texture" },
				"west": { "uv": [ 7.625, 8.25, 7.625, 8.375 ], "texture": "#texture" },
				"east": { "uv": [ 7.75, 8.375, 7.5, 8.5 ], "texture": "#texture" }
			}
		},
		{
			"from": [ 12, 7.5, 4.5 ],
			"to": [ 12.0625, 7.8125, 4.8125 ],
			"faces": {
				"down": { "uv": [ 7.5, 8.375, 8.0625, 8.625 ], "texture": "#texture" },
				"up": { "uv": [ 7.5, 8.375, 8.0625, 8.625 ], "texture": "#texture" },
				"north": { "uv": [ 7.625, 8.375, 8.125, 8.5 ], "texture": "#texture" },
				"south": { "uv": [ 7.625, 8.375, 8.125, 8.5 ], "texture": "#texture" },
				"west": { "uv": [ 7.375, 8, 7.875, 8.5 ], "texture": "#texture" },
				"east": { "uv": [ 7.375, 8, 7.875, 8.5 ], "texture": "#texture" }
			}
		},
		{
			"from": [ 12, 7.5, 4.1875 ],
			"to": [ 12.0625, 7.8125, 4.5 ],
			"faces": {
				"down": { "uv": [ 7.5, 8.375, 8.0625, 8.625 ], "texture": "#texture" },
				"up": { "uv": [ 7.5, 8.375, 8.0625, 8.625 ], "texture": "#texture" },
				"north": { "uv": [ 7.625, 8.375, 8.125, 8.5 ], "texture": "#texture" },
				"south": { "uv": [ 7.625, 8.375, 8.125, 8.5 ], "texture": "#texture" },
				"west": { "uv": [ 7.375, 8, 7.875, 8.5 ], "texture": "#texture" },
				"east": { "uv": [ 7.375, 8, 7.875, 8.5 ], "texture": "#texture" }
			}
		},
		{
			"from": [ 6, 7.3125, 4.0625 ],
			"to": [ 6.9375, 7.625, 4.9375 ],
			"rotation": { "origin": [ 6, 7.625, 4.0625 ], "axis": "z", "angle": 22.5 },
			"faces": {
				"down": { "uv": [ 3.5, 8.5, 4.375, 9.25 ], "texture": "#texture" },
				"up": { "uv": [ 3.5, 8.5, 4.375, 9.25 ], "texture": "#texture" },
				"north": { "uv": [ 3.5, 8.625, 4, 8.875 ], "texture": "#texture" },
				"south": { "uv": [ 3.5, 8.625, 4, 8.875 ], "texture": "#texture" },
				"west": { "uv": [ 3.75, 8.75, 4.5, 9.25 ], "texture": "#texture" },
				"east": { "uv": [ 3.75, 8.75, 4.5, 9.25 ], "texture": "#texture" }
			}
		}
	],
	"display": {
		"thirdperson_righthand": {
			"rotation":  [ -2, 88, 2 ],
			"translation":  [ 7.653, 1.3912, -4.172 ],
			"scale":  [ 1.8, 1.8, 1.8 ]
		},
		"firstperson_righthand": {
			"rotation":  [ 0, 90, 0 ],
			"translation":  [ 6.9564, 2.7825, -3.476 ],
			"scale":  [ 2, 2.6, 2 ]
		},
		"gui": {
			"rotation":  [ -13, 156, 27 ],
			"scale":  [ 1.6, 1.6, 1.6 ]
		},
		"ground": {
			"scale":  [ 2, 2, 2 ]
		}
	}
}