{
	"__comment": "Designed by king_marnik with BDcraft Cubik PRO 0.93 Beta - http://bdcraft.net",
	"textures": {
		"KnifeCT": "items/knifect"
	},
	"elements": [
		{
			"from": [ 5.5, 7, 9.5 ],
			"to": [ 10.5, 8, 10 ],
			"faces": {
				"down": { "uv": [ 9, 9, 9.5, 14.5 ], "texture": "#KnifeCT", "rotation": 90 },
				"up": { "uv": [ 9, 9, 9.5, 14.5 ], "texture": "#KnifeCT", "rotation": 90 },
				"north": { "uv": [ 8.5, 9, 9.5, 14.5 ], "texture": "#KnifeCT", "rotation": 90 },
				"south": { "uv": [ 8.5, 9, 9.5, 14.5 ], "texture": "#KnifeCT", "rotation": 90 },
				"west": { "uv": [ 8.5, 8.5, 9, 9.5 ], "texture": "#KnifeCT" },
				"east": { "uv": [ 8.5, 8.5, 9, 9.5 ], "texture": "#KnifeCT" }
			}
		},
		{
			"from": [ 6.125, 7, 9.5 ],
			"to": [ 7.125, 8, 10 ],
			"rotation": { "origin": [ 6.125, 7, 9.5 ], "axis": "y", "angle": -22.5 },
			"faces": {
				"down": { "uv": [ 8.5, 10.5, 9, 12 ], "texture": "#KnifeCT", "rotation": 270 },
				"up": { "uv": [ 8.5, 10.5, 9, 12 ], "texture": "#KnifeCT", "rotation": 270 },
				"north": { "uv": [ 8.5, 0.5, 9.5, 1.5 ], "texture": "#KnifeCT" },
				"south": { "uv": [ 8.5, 0.5, 9.5, 1.5 ], "texture": "#KnifeCT" },
				"west": { "uv": [ 9, 0.5, 9.5, 1.5 ], "texture": "#KnifeCT" },
				"east": { "uv": [ 9, 0.5, 9.5, 1.5 ], "texture": "#KnifeCT" }
			}
		},
		{
			"from": [ 7.3125, 7, 10.5 ],
			"to": [ 8.75, 8, 16.4375 ],
			"faces": {
				"down": { "uv": [ 6, 2.5, 1.5, 15 ], "texture": "#KnifeCT", "rotation": 180 },
				"up": { "uv": [ 1.5, 2.5, 6, 15 ], "texture": "#KnifeCT" },
				"north": { "uv": [ 1, 2.5, 7, 15 ], "texture": "#KnifeCT" },
				"south": { "uv": [ 1, 2.5, 7, 15 ], "texture": "#KnifeCT" },
				"west": { "uv": [ 0, 2.5, 1.5, 15 ], "texture": "#KnifeCT", "rotation": 270 },
				"east": { "uv": [ 6, 2.5, 8, 15 ], "texture": "#KnifeCT", "rotation": 90 }
			}
		},
		{
			"from": [ 8.5625, 7, 10.0625 ],
			"to": [ 10.0625, 8, 10.5625 ],
			"rotation": { "origin": [ 8.5625, 7, 10.0625 ], "axis": "y", "angle": 22.5 },
			"faces": {
				"down": { "uv": [ 8.5, 8, 9, 10 ], "texture": "#KnifeCT", "rotation": 270 },
				"up": { "uv": [ 8.5, 8, 9, 10 ], "texture": "#KnifeCT", "rotation": 270 },
				"north": { "uv": [ 8.5, 4, 9.5, 5 ], "texture": "#KnifeCT" },
				"south": { "uv": [ 8.5, 4, 9.5, 5 ], "texture": "#KnifeCT" },
				"west": { "uv": [ 8.5, 0, 9, 1 ], "texture": "#KnifeCT" },
				"east": { "uv": [ 8.5, 0, 9, 1 ], "texture": "#KnifeCT" }
			}
		},
		{
			"from": [ 7, 6.75, 16 ],
			"to": [ 9, 8.25, 16.5 ],
			"faces": {
				"down": { "uv": [ 2, 15, 6, 16 ], "texture": "#KnifeCT" },
				"up": { "uv": [ 2, 15, 6, 16 ], "texture": "#KnifeCT" },
				"north": { "uv": [ 4, 8, 6.5, 9.5 ], "texture": "#KnifeCT" },
				"south": { "uv": [ 4, 8, 6.5, 9.5 ], "texture": "#KnifeCT" },
				"west": { "uv": [ 0, 15, 2, 16 ], "texture": "#KnifeCT", "rotation": 90 },
				"east": { "uv": [ 6, 15, 8, 16 ], "texture": "#KnifeCT", "rotation": 90 }
			}
		},
		{
			"from": [ 7.3125, 7, 10 ],
			"to": [ 8.75, 8, 10.5 ],
			"faces": {
				"down": { "uv": [ 9, 10, 9.5, 12.5 ], "texture": "#KnifeCT", "rotation": 90 },
				"up": { "uv": [ 9, 10, 9.5, 12.5 ], "texture": "#KnifeCT", "rotation": 90 },
				"north": { "uv": [ 8.5, 9.5, 9.5, 12 ], "texture": "#KnifeCT", "rotation": 90 },
				"south": { "uv": [ 8.5, 9.5, 9.5, 12 ], "texture": "#KnifeCT", "rotation": 90 },
				"west": { "uv": [ 8.5, 8.5, 9, 9.5 ], "texture": "#KnifeCT" },
				"east": { "uv": [ 8.5, 8.5, 9, 9.5 ], "texture": "#KnifeCT" }
			}
		},
		{
			"from": [ 7.5, 7.1375, 8.5 ],
			"to": [ 8, 7.9375, 10 ],
			"rotation": { "origin": [ 7.5, 7.1375, 8.5 ], "axis": "y", "angle": -22.5 },
			"faces": {
				"down": { "uv": [ 8.5, 8, 9, 9 ], "texture": "#KnifeCT" },
				"up": { "uv": [ 8.5, 8, 9, 9 ], "texture": "#KnifeCT" },
				"north": { "uv": [ 8.5, 0, 9, 1 ], "texture": "#KnifeCT" },
				"south": { "uv": [ 8.5, 0, 9, 1 ], "texture": "#KnifeCT" },
				"west": { "uv": [ 8.5, 0, 9.5, 1 ], "texture": "#KnifeCT" },
				"east": { "uv": [ 8.5, 0, 9.5, 1 ], "texture": "#KnifeCT" }
			}
		},
		{
			"from": [ 8.0625, 7.1375, 8.6875 ],
			"to": [ 8.5625, 7.9375, 10.1875 ],
			"rotation": { "origin": [ 8.0625, 7.1375, 8.6875 ], "axis": "y", "angle": 22.5 },
			"faces": {
				"down": { "uv": [ 8.5, 7.5, 9, 9 ], "texture": "#KnifeCT" },
				"up": { "uv": [ 8.5, 7.5, 9, 9 ], "texture": "#KnifeCT" },
				"north": { "uv": [ 8.5, 0, 9, 1 ], "texture": "#KnifeCT" },
				"south": { "uv": [ 8.5, 0, 9, 1 ], "texture": "#KnifeCT" },
				"west": { "uv": [ 11, 0, 12.5, 1 ], "texture": "#KnifeCT" },
				"east": { "uv": [ 11, 0, 12.5, 1 ], "texture": "#KnifeCT" }
			}
		},
		{
			"from": [ 7.5, 7.1375, 8.5 ],
			"to": [ 8.5, 7.9375, 9.5 ],
			"faces": {
				"down": { "uv": [ 8.5, 0, 9.5, 1 ], "texture": "#KnifeCT" },
				"up": { "uv": [ 8.5, 0, 9.5, 1 ], "texture": "#KnifeCT" },
				"north": { "uv": [ 8.5, 0, 9.5, 0.75 ], "texture": "#KnifeCT" },
				"south": { "uv": [ 8.5, 0, 9.5, 0.75 ], "texture": "#KnifeCT" },
				"west": { "uv": [ 8.5, 0, 9.5, 0.75 ], "texture": "#KnifeCT" },
				"east": { "uv": [ 8.5, 0, 9.5, 0.75 ], "texture": "#KnifeCT" }
			}
		},
		{
			"from": [ 7.75, 7.1375, 1.625 ],
			"to": [ 8.25, 7.9375, 8.125 ],
			"faces": {
				"down": { "uv": [ 8.5, 1.5, 9.5, 15.5 ], "texture": "#KnifeCT" },
				"up": { "uv": [ 8.5, 1.5, 9.5, 15.5 ], "texture": "#KnifeCT" },
				"north": { "uv": [ 8.5, 8, 9, 8.75 ], "texture": "#KnifeCT" },
				"south": { "uv": [ 8.5, 8, 9, 8.75 ], "texture": "#KnifeCT" },
				"west": { "uv": [ 8.5, 4.5, 9.5, 15 ], "texture": "#KnifeCT", "rotation": 90 },
				"east": { "uv": [ 8.5, 4.5, 9.5, 15 ], "texture": "#KnifeCT", "rotation": 90 }
			}
		},
		{
			"from": [ 7.8125, 7.1375, 7.75 ],
			"to": [ 8.3125, 7.9375, 8.75 ],
			"rotation": { "origin": [ 7.8125, 7.1375, 7.75 ], "axis": "y", "angle": -22.5 },
			"faces": {
				"down": { "uv": [ 9.5, 6, 9, 5 ], "texture": "#KnifeCT" },
				"up": { "uv": [ 9.5, 6, 9, 5 ], "texture": "#KnifeCT" },
				"north": { "uv": [ 9, 0, 9.5, 1 ], "texture": "#KnifeCT" },
				"south": { "uv": [ 9, 0, 9.5, 1 ], "texture": "#KnifeCT" },
				"west": { "uv": [ 8.5, 0, 9.5, 1 ], "texture": "#KnifeCT" },
				"east": { "uv": [ 8.5, 0, 9.5, 1 ], "texture": "#KnifeCT" }
			}
		},
		{
			"from": [ 7.75, 7.1375, 7.9375 ],
			"to": [ 8.25, 7.9375, 8.9375 ],
			"rotation": { "origin": [ 7.75, 7.1375, 7.9375 ], "axis": "y", "angle": 22.5 },
			"faces": {
				"down": { "uv": [ 9, 5, 9.5, 4 ], "texture": "#KnifeCT" },
				"up": { "uv": [ 9, 5, 9.5, 4 ], "texture": "#KnifeCT" },
				"north": { "uv": [ 9, 0, 9.5, 1 ], "texture": "#KnifeCT" },
				"south": { "uv": [ 9, 0, 9.5, 1 ], "texture": "#KnifeCT" },
				"west": { "uv": [ 8.5, 0, 9.5, 1 ], "texture": "#KnifeCT" },
				"east": { "uv": [ 8.5, 0, 9.5, 1 ], "texture": "#KnifeCT" }
			}
		},
		{
			"from": [ 7, 7.3125, 3.0625 ],
			"to": [ 9, 7.8125, 9.5625 ],
			"faces": {
				"down": { "uv": [ 10.5, 0, 14, 16 ], "texture": "#KnifeCT" },
				"up": { "uv": [ 10.5, 0, 14, 16 ], "texture": "#KnifeCT" },
				"north": { "uv": [ 10.5, 8.5, 12.5, 9 ], "texture": "#KnifeCT" },
				"south": { "uv": [ 10.5, 8.5, 12.5, 9 ], "texture": "#KnifeCT" },
				"west": { "uv": [ 12, 1.5, 12.5, 16 ], "texture": "#KnifeCT", "rotation": 270 },
				"east": { "uv": [ 12, 1.5, 12.5, 16 ], "texture": "#KnifeCT", "rotation": 270 }
			}
		},
		{
			"from": [ 7.75, 7.3125, 1.25 ],
			"to": [ 8.25, 7.8125, 3.25 ],
			"rotation": { "origin": [ 7.75, 7.3125, 1.25 ], "axis": "y", "angle": -22.5 },
			"faces": {
				"down": { "uv": [ 10, 1, 11, 3.5 ], "texture": "#KnifeCT" },
				"up": { "uv": [ 10, 1, 11, 3.5 ], "texture": "#KnifeCT" },
				"north": { "uv": [ 10, 0, 11, 1 ], "texture": "#KnifeCT" },
				"south": { "uv": [ 10, 0, 11, 1 ], "texture": "#KnifeCT" },
				"west": { "uv": [ 12.5, 0, 15, 1 ], "texture": "#KnifeCT" },
				"east": { "uv": [ 12.5, 0, 15, 1 ], "texture": "#KnifeCT" }
			}
		},
		{
			"from": [ 7.75, 7.3125, 1.4375 ],
			"to": [ 8.25, 7.8125, 3.4375 ],
			"rotation": { "origin": [ 7.75, 7.3125, 1.4375 ], "axis": "y", "angle": 22.5 },
			"faces": {
				"down": { "uv": [ 11.5, 3.5, 11, 1.5 ], "texture": "#KnifeCT" },
				"up": { "uv": [ 11.5, 3.5, 11, 1.5 ], "texture": "#KnifeCT" },
				"north": { "uv": [ 11, 0, 11.5, 1 ], "texture": "#KnifeCT" },
				"south": { "uv": [ 11, 0, 11.5, 1 ], "texture": "#KnifeCT" },
				"west": { "uv": [ 12.5, 0, 14.5, 1 ], "texture": "#KnifeCT" },
				"east": { "uv": [ 12.5, 0, 14.5, 1 ], "texture": "#KnifeCT" }
			}
		},
		{
			"from": [ 7.5, 7.3125, 2.3125 ],
			"to": [ 8.5, 7.8125, 3.3125 ],
			"faces": {
				"down": { "uv": [ 10.5, 2, 11.5, 3 ], "texture": "#KnifeCT" },
				"up": { "uv": [ 10.5, 2, 11.5, 3 ], "texture": "#KnifeCT" },
				"north": { "uv": [ 10.5, 8, 11.5, 8.5 ], "texture": "#KnifeCT" },
				"south": { "uv": [ 10.5, 8, 11.5, 8.5 ], "texture": "#KnifeCT" },
				"west": { "uv": [ 11, 8, 12, 8.5 ], "texture": "#KnifeCT" },
				"east": { "uv": [ 11, 8, 12, 8.5 ], "texture": "#KnifeCT" }
			}
		},
		{
			"from": [ 7.725, 7.3125, 1.3 ],
			"to": [ 8.1, 7.8125, 1.675 ],
			"rotation": { "origin": [ 7.725, 7.3125, 1.3 ], "axis": "y", "angle": 45 },
			"faces": {
				"down": { "uv": [ 13, 4, 13.5, 5 ], "texture": "#KnifeCT" },
				"up": { "uv": [ 13, 4, 13.5, 5 ], "texture": "#KnifeCT" },
				"north": { "uv": [ 14.5, 0, 15, 1 ], "texture": "#KnifeCT" },
				"south": { "uv": [ 14.5, 0, 15, 1 ], "texture": "#KnifeCT" },
				"west": { "uv": [ 11, 0, 12, 1 ], "texture": "#KnifeCT" },
				"east": { "uv": [ 11, 0, 12, 1 ], "texture": "#KnifeCT" }
			}
		},
		{
			"from": [ 7.725, 7.135, 1.63 ],
			"to": [ 8.1, 7.934999, 2.005 ],
			"rotation": { "origin": [ 7.725, 7.135, 1.63 ], "axis": "y", "angle": 45 },
			"faces": {
				"down": { "uv": [ 9, 4, 9.5, 5 ], "texture": "#KnifeCT" },
				"up": { "uv": [ 9, 4, 9.5, 5 ], "texture": "#KnifeCT" },
				"north": { "uv": [ 9, 0, 9.5, 1 ], "texture": "#KnifeCT" },
				"south": { "uv": [ 9, 0, 9.5, 1 ], "texture": "#KnifeCT" },
				"west": { "uv": [ 8.5, 0.5, 9.5, 1.5 ], "texture": "#KnifeCT" },
				"east": { "uv": [ 8.5, 0.5, 9.5, 1.5 ], "texture": "#KnifeCT" }
			}
		}
	],
	"display": {
		"thirdperson_righthand": {
			"rotation":  [ 106, 3, 95 ],
			"translation":  [ -0.695, 2.7826, 2.9608 ]
		},
		"firstperson_righthand": {
			"rotation":  [ 77, -3, -16 ],
			"translation":  [ 2.6173, 3.8913, -0.385 ],
			"scale":  [ 0.9652, 0.7565, 0.8391 ]
		},
		"gui": {
			"rotation":  [ 160, 0, -125 ],
			"translation":  [ 1.2, 1.2, 0 ],
			"scale":  [ 2, 2, 2 ]
		}
	}
}