{
"__comment": "designed by hypixel with bdcraft cubik pro 0.95 beta - http://bdcraft.net",
"textures": {
    "texture": "items/iron_ingot"
},
"elements": [ 
{
    "__comment": "iron_ingot x64",
    "from": [ 1, 7, 11 ],
    "to": [ 8, 9, 11.75 ],
    "faces": {
        "down":  { "uv": [ 1, 11.75, 8, 11 ], "texture": "#texture" },
        "up":    { "uv": [ 1, 11, 8, 11.75 ], "texture": "#texture" },
        "north": { "uv": [ 8, 11, 1, 11.25 ], "texture": "#texture" },
        "south": { "uv": [ 1, 11.75, 8, 11.5 ], "texture": "#texture" },
        "west":  { "uv": [ 1, 11, 1.25, 11.75 ], "rotation": 270, "texture": "#texture" },
        "east":  { "uv": [ 8, 11, 7.75, 11.75 ], "rotation": 90, "texture": "#texture" }
    }
},
{
    "__comment": "iron_ingot x64",
    "from": [ 1.25, 7, 11.75 ],
    "to": [ 7.75, 9, 12 ],
    "faces": {
        "down":  { "uv": [ 1.25, 12, 7.75, 11.75 ], "texture": "#texture" },
        "up":    { "uv": [ 1.25, 11.75, 7.75, 12 ], "texture": "#texture" },
        "north": { "uv": [ 7.75, 11.75, 1.25, 12 ], "texture": "#texture" },
        "south": { "uv": [ 1.25, 12, 7.75, 11.75 ], "texture": "#texture" },
        "west":  { "uv": [ 1.25, 11.75, 1.5, 12 ], "rotation": 270, "texture": "#texture" },
        "east":  { "uv": [ 7.75, 11.75, 7.5, 12 ], "rotation": 90, "texture": "#texture" }
    }
},
{
    "__comment": "iron_ingot x64",
    "from": [ 1.5, 7, 10.75 ],
    "to": [ 8.75, 9, 11 ],
    "faces": {
        "down":  { "uv": [ 1.5, 11, 8.75, 10.75 ], "texture": "#texture" },
        "up":    { "uv": [ 1.5, 10.75, 8.75, 11 ], "texture": "#texture" },
        "north": { "uv": [ 8.75, 10.75, 1.5, 11 ], "texture": "#texture" },
        "south": { "uv": [ 1.5, 11, 8.75, 10.75 ], "texture": "#texture" },
        "west":  { "uv": [ 1.5, 10.75, 1.75, 11 ], "rotation": 270, "texture": "#texture" },
        "east":  { "uv": [ 8.75, 10.75, 8.5, 11 ], "rotation": 90, "texture": "#texture" }
    }
},
{
    "__comment": "iron_ingot x64",
    "from": [ 1.5, 7, 12 ],
    "to": [ 7.5, 9, 12.25 ],
    "faces": {
        "down":  { "uv": [ 1.5, 12.25, 7.5, 12 ], "texture": "#texture" },
        "up":    { "uv": [ 1.5, 12, 7.5, 12.25 ], "texture": "#texture" },
        "north": { "uv": [ 7.5, 12, 1.5, 12.25 ], "texture": "#texture" },
        "south": { "uv": [ 1.5, 12.25, 7.5, 12 ], "texture": "#texture" },
        "west":  { "uv": [ 1.5, 12, 1.75, 12.25 ], "rotation": 270, "texture": "#texture" },
        "east":  { "uv": [ 7.5, 12, 7.25, 12.25 ], "rotation": 90, "texture": "#texture" }
    }
},
{
    "__comment": "iron_ingot x64",
    "from": [ 1.75, 7, 10.5 ],
    "to": [ 9, 9, 10.75 ],
    "faces": {
        "down":  { "uv": [ 1.75, 10.75, 9, 10.5 ], "texture": "#texture" },
        "up":    { "uv": [ 1.75, 10.5, 9, 10.75 ], "texture": "#texture" },
        "north": { "uv": [ 9, 10.5, 1.75, 10.75 ], "texture": "#texture" },
        "south": { "uv": [ 1.75, 10.75, 9, 10.5 ], "texture": "#texture" },
        "west":  { "uv": [ 1.75, 10.5, 2, 10.75 ], "rotation": 270, "texture": "#texture" },
        "east":  { "uv": [ 9, 10.5, 8.75, 10.75 ], "rotation": 90, "texture": "#texture" }
    }
},
{
    "__comment": "iron_ingot x64",
    "from": [ 1.75, 7, 12.25 ],
    "to": [ 7.25, 9, 12.5 ],
    "faces": {
        "down":  { "uv": [ 1.75, 12.5, 7.25, 12.25 ], "texture": "#texture" },
        "up":    { "uv": [ 1.75, 12.25, 7.25, 12.5 ], "texture": "#texture" },
        "north": { "uv": [ 7.25, 12.25, 1.75, 12.5 ], "texture": "#texture" },
        "south": { "uv": [ 1.75, 12.5, 7.25, 12.25 ], "texture": "#texture" },
        "west":  { "uv": [ 1.75, 12.25, 2, 12.5 ], "rotation": 270, "texture": "#texture" },
        "east":  { "uv": [ 7.25, 12.25, 7, 12.5 ], "rotation": 90, "texture": "#texture" }
    }
},
{
    "__comment": "iron_ingot x64",
    "from": [ 2, 7, 10.25 ],
    "to": [ 9.25, 9, 10.5 ],
    "faces": {
        "down":  { "uv": [ 2, 10.5, 9.25, 10.25 ], "texture": "#texture" },
        "up":    { "uv": [ 2, 10.25, 9.25, 10.5 ], "texture": "#texture" },
        "north": { "uv": [ 9.25, 10.25, 2, 10.5 ], "texture": "#texture" },
        "south": { "uv": [ 2, 10.5, 9.25, 10.25 ], "texture": "#texture" },
        "west":  { "uv": [ 2, 10.25, 2.25, 10.5 ], "rotation": 270, "texture": "#texture" },
        "east":  { "uv": [ 9.25, 10.25, 9, 10.5 ], "rotation": 90, "texture": "#texture" }
    }
},
{
    "__comment": "iron_ingot x64",
    "from": [ 2, 7, 12.5 ],
    "to": [ 7, 9, 12.75 ],
    "faces": {
        "down":  { "uv": [ 2, 12.75, 7, 12.5 ], "texture": "#texture" },
        "up":    { "uv": [ 2, 12.5, 7, 12.75 ], "texture": "#texture" },
        "north": { "uv": [ 7, 12.5, 2, 12.75 ], "texture": "#texture" },
        "south": { "uv": [ 2, 12.75, 7, 12.5 ], "texture": "#texture" },
        "west":  { "uv": [ 2, 12.5, 2.25, 12.75 ], "rotation": 270, "texture": "#texture" },
        "east":  { "uv": [ 7, 12.5, 6.75, 12.75 ], "rotation": 90, "texture": "#texture" }
    }
},
{
    "__comment": "iron_ingot x64",
    "from": [ 2.25, 7, 10 ],
    "to": [ 9.5, 9, 10.25 ],
    "faces": {
        "down":  { "uv": [ 2.25, 10.25, 9.5, 10 ], "texture": "#texture" },
        "up":    { "uv": [ 2.25, 10, 9.5, 10.25 ], "texture": "#texture" },
        "north": { "uv": [ 9.5, 10, 2.25, 10.25 ], "texture": "#texture" },
        "south": { "uv": [ 2.25, 10.25, 9.5, 10 ], "texture": "#texture" },
        "west":  { "uv": [ 2.25, 10, 2.5, 10.25 ], "rotation": 270, "texture": "#texture" },
        "east":  { "uv": [ 9.5, 10, 9.25, 10.25 ], "rotation": 90, "texture": "#texture" }
    }
},
{
    "__comment": "iron_ingot x64",
    "from": [ 2.25, 7, 12.75 ],
    "to": [ 6.75, 9, 13 ],
    "faces": {
        "down":  { "uv": [ 2.25, 13, 6.75, 12.75 ], "texture": "#texture" },
        "up":    { "uv": [ 2.25, 12.75, 6.75, 13 ], "texture": "#texture" },
        "north": { "uv": [ 6.75, 12.75, 2.25, 13 ], "texture": "#texture" },
        "south": { "uv": [ 2.25, 13, 6.75, 12.75 ], "texture": "#texture" },
        "west":  { "uv": [ 2.25, 12.75, 2.5, 13 ], "rotation": 270, "texture": "#texture" },
        "east":  { "uv": [ 6.75, 12.75, 6.5, 13 ], "rotation": 90, "texture": "#texture" }
    }
},
{
    "__comment": "iron_ingot x64",
    "from": [ 2.5, 7, 9.75 ],
    "to": [ 9.75, 9, 10 ],
    "faces": {
        "down":  { "uv": [ 2.5, 10, 9.75, 9.75 ], "texture": "#texture" },
        "up":    { "uv": [ 2.5, 9.75, 9.75, 10 ], "texture": "#texture" },
        "north": { "uv": [ 9.75, 9.75, 2.5, 10 ], "texture": "#texture" },
        "south": { "uv": [ 2.5, 10, 9.75, 9.75 ], "texture": "#texture" },
        "west":  { "uv": [ 2.5, 9.75, 2.75, 10 ], "rotation": 270, "texture": "#texture" },
        "east":  { "uv": [ 9.75, 9.75, 9.5, 10 ], "rotation": 90, "texture": "#texture" }
    }
},
{
    "__comment": "iron_ingot x64",
    "from": [ 2.5, 7, 13 ],
    "to": [ 6.5, 9, 13.25 ],
    "faces": {
        "down":  { "uv": [ 2.5, 13.25, 6.5, 13 ], "texture": "#texture" },
        "up":    { "uv": [ 2.5, 13, 6.5, 13.25 ], "texture": "#texture" },
        "north": { "uv": [ 6.5, 13, 2.5, 13.25 ], "texture": "#texture" },
        "south": { "uv": [ 2.5, 13.25, 6.5, 13 ], "texture": "#texture" },
        "west":  { "uv": [ 2.5, 13, 2.75, 13.25 ], "rotation": 270, "texture": "#texture" },
        "east":  { "uv": [ 6.5, 13, 6.25, 13.25 ], "rotation": 90, "texture": "#texture" }
    }
},
{
    "__comment": "iron_ingot x64",
    "from": [ 2.75, 7, 9.5 ],
    "to": [ 10, 9, 9.75 ],
    "faces": {
        "down":  { "uv": [ 2.75, 9.75, 10, 9.5 ], "texture": "#texture" },
        "up":    { "uv": [ 2.75, 9.5, 10, 9.75 ], "texture": "#texture" },
        "north": { "uv": [ 10, 9.5, 2.75, 9.75 ], "texture": "#texture" },
        "south": { "uv": [ 2.75, 9.75, 10, 9.5 ], "texture": "#texture" },
        "west":  { "uv": [ 2.75, 9.5, 3, 9.75 ], "rotation": 270, "texture": "#texture" },
        "east":  { "uv": [ 10, 9.5, 9.75, 9.75 ], "rotation": 90, "texture": "#texture" }
    }
},
{
    "__comment": "iron_ingot x64",
    "from": [ 2.75, 7, 13.25 ],
    "to": [ 6.25, 9, 13.5 ],
    "faces": {
        "down":  { "uv": [ 2.75, 13.5, 6.25, 13.25 ], "texture": "#texture" },
        "up":    { "uv": [ 2.75, 13.25, 6.25, 13.5 ], "texture": "#texture" },
        "north": { "uv": [ 6.25, 13.25, 2.75, 13.5 ], "texture": "#texture" },
        "south": { "uv": [ 2.75, 13.5, 6.25, 13.25 ], "texture": "#texture" },
        "west":  { "uv": [ 2.75, 13.25, 3, 13.5 ], "rotation": 270, "texture": "#texture" },
        "east":  { "uv": [ 6.25, 13.25, 6, 13.5 ], "rotation": 90, "texture": "#texture" }
    }
},
{
    "__comment": "iron_ingot x64",
    "from": [ 3, 7, 9.25 ],
    "to": [ 10.25, 9, 9.5 ],
    "faces": {
        "down":  { "uv": [ 3, 9.5, 10.25, 9.25 ], "texture": "#texture" },
        "up":    { "uv": [ 3, 9.25, 10.25, 9.5 ], "texture": "#texture" },
        "north": { "uv": [ 10.25, 9.25, 3, 9.5 ], "texture": "#texture" },
        "south": { "uv": [ 3, 9.5, 10.25, 9.25 ], "texture": "#texture" },
        "west":  { "uv": [ 3, 9.25, 3.25, 9.5 ], "rotation": 270, "texture": "#texture" },
        "east":  { "uv": [ 10.25, 9.25, 10, 9.5 ], "rotation": 90, "texture": "#texture" }
    }
},
{
    "__comment": "iron_ingot x64",
    "from": [ 3, 7, 13.5 ],
    "to": [ 6, 9, 13.75 ],
    "faces": {
        "down":  { "uv": [ 3, 13.75, 6, 13.5 ], "texture": "#texture" },
        "up":    { "uv": [ 3, 13.5, 6, 13.75 ], "texture": "#texture" },
        "north": { "uv": [ 6, 13.5, 3, 13.75 ], "texture": "#texture" },
        "south": { "uv": [ 3, 13.75, 6, 13.5 ], "texture": "#texture" },
        "west":  { "uv": [ 3, 13.5, 3.25, 13.75 ], "rotation": 270, "texture": "#texture" },
        "east":  { "uv": [ 6, 13.5, 5.75, 13.75 ], "rotation": 90, "texture": "#texture" }
    }
},
{
    "__comment": "iron_ingot x64",
    "from": [ 3.25, 7, 9 ],
    "to": [ 10.5, 9, 9.25 ],
    "faces": {
        "down":  { "uv": [ 3.25, 9.25, 10.5, 9 ], "texture": "#texture" },
        "up":    { "uv": [ 3.25, 9, 10.5, 9.25 ], "texture": "#texture" },
        "north": { "uv": [ 10.5, 9, 3.25, 9.25 ], "texture": "#texture" },
        "south": { "uv": [ 3.25, 9.25, 10.5, 9 ], "texture": "#texture" },
        "west":  { "uv": [ 3.25, 9, 3.5, 9.25 ], "rotation": 270, "texture": "#texture" },
        "east":  { "uv": [ 10.5, 9, 10.25, 9.25 ], "rotation": 90, "texture": "#texture" }
    }
},
{
    "__comment": "iron_ingot x64",
    "from": [ 3.25, 7, 13.75 ],
    "to": [ 5.75, 9, 14 ],
    "faces": {
        "down":  { "uv": [ 3.25, 14, 5.75, 13.75 ], "texture": "#texture" },
        "up":    { "uv": [ 3.25, 13.75, 5.75, 14 ], "texture": "#texture" },
        "north": { "uv": [ 5.75, 13.75, 3.25, 14 ], "texture": "#texture" },
        "south": { "uv": [ 3.25, 14, 5.75, 13.75 ], "texture": "#texture" },
        "west":  { "uv": [ 3.25, 13.75, 3.5, 14 ], "rotation": 270, "texture": "#texture" },
        "east":  { "uv": [ 5.75, 13.75, 5.5, 14 ], "rotation": 90, "texture": "#texture" }
    }
},
{
    "__comment": "iron_ingot x64",
    "from": [ 3.5, 7, 8.75 ],
    "to": [ 10.75, 9, 9 ],
    "faces": {
        "down":  { "uv": [ 3.5, 9, 10.75, 8.75 ], "texture": "#texture" },
        "up":    { "uv": [ 3.5, 8.75, 10.75, 9 ], "texture": "#texture" },
        "north": { "uv": [ 10.75, 8.75, 3.5, 9 ], "texture": "#texture" },
        "south": { "uv": [ 3.5, 9, 10.75, 8.75 ], "texture": "#texture" },
        "west":  { "uv": [ 3.5, 8.75, 3.75, 9 ], "rotation": 270, "texture": "#texture" },
        "east":  { "uv": [ 10.75, 8.75, 10.5, 9 ], "rotation": 90, "texture": "#texture" }
    }
},
{
    "__comment": "iron_ingot x64",
    "from": [ 3.5, 7, 14 ],
    "to": [ 5.5, 9, 14.25 ],
    "faces": {
        "down":  { "uv": [ 3.5, 14.25, 5.5, 14 ], "texture": "#texture" },
        "up":    { "uv": [ 3.5, 14, 5.5, 14.25 ], "texture": "#texture" },
        "north": { "uv": [ 5.5, 14, 3.5, 14.25 ], "texture": "#texture" },
        "south": { "uv": [ 3.5, 14.25, 5.5, 14 ], "texture": "#texture" },
        "west":  { "uv": [ 3.5, 14, 3.75, 14.25 ], "rotation": 270, "texture": "#texture" },
        "east":  { "uv": [ 5.5, 14, 5.25, 14.25 ], "rotation": 90, "texture": "#texture" }
    }
},
{
    "__comment": "iron_ingot x64",
    "from": [ 3.75, 7, 8.5 ],
    "to": [ 11, 9, 8.75 ],
    "faces": {
        "down":  { "uv": [ 3.75, 8.75, 11, 8.5 ], "texture": "#texture" },
        "up":    { "uv": [ 3.75, 8.5, 11, 8.75 ], "texture": "#texture" },
        "north": { "uv": [ 11, 8.5, 3.75, 8.75 ], "texture": "#texture" },
        "south": { "uv": [ 3.75, 8.75, 11, 8.5 ], "texture": "#texture" },
        "west":  { "uv": [ 3.75, 8.5, 4, 8.75 ], "rotation": 270, "texture": "#texture" },
        "east":  { "uv": [ 11, 8.5, 10.75, 8.75 ], "rotation": 90, "texture": "#texture" }
    }
},
{
    "__comment": "iron_ingot x64",
    "from": [ 3.75, 7, 14.25 ],
    "to": [ 5.25, 9, 14.5 ],
    "faces": {
        "down":  { "uv": [ 3.75, 14.5, 5.25, 14.25 ], "texture": "#texture" },
        "up":    { "uv": [ 3.75, 14.25, 5.25, 14.5 ], "texture": "#texture" },
        "north": { "uv": [ 5.25, 14.25, 3.75, 14.5 ], "texture": "#texture" },
        "south": { "uv": [ 3.75, 14.5, 5.25, 14.25 ], "texture": "#texture" },
        "west":  { "uv": [ 3.75, 14.25, 4, 14.5 ], "rotation": 270, "texture": "#texture" },
        "east":  { "uv": [ 5.25, 14.25, 5, 14.5 ], "rotation": 90, "texture": "#texture" }
    }
},
{
    "__comment": "iron_ingot x64",
    "from": [ 4, 7, 8.25 ],
    "to": [ 11.25, 9, 8.5 ],
    "faces": {
        "down":  { "uv": [ 4, 8.5, 11.25, 8.25 ], "texture": "#texture" },
        "up":    { "uv": [ 4, 8.25, 11.25, 8.5 ], "texture": "#texture" },
        "north": { "uv": [ 11.25, 8.25, 4, 8.5 ], "texture": "#texture" },
        "south": { "uv": [ 4, 8.5, 11.25, 8.25 ], "texture": "#texture" },
        "west":  { "uv": [ 4, 8.25, 4.25, 8.5 ], "rotation": 270, "texture": "#texture" },
        "east":  { "uv": [ 11.25, 8.25, 11, 8.5 ], "rotation": 90, "texture": "#texture" }
    }
},
{
    "__comment": "iron_ingot x64",
    "from": [ 4, 7, 14.5 ],
    "to": [ 5, 9, 14.75 ],
    "faces": {
        "down":  { "uv": [ 4, 14.75, 5, 14.5 ], "texture": "#texture" },
        "up":    { "uv": [ 4, 14.5, 5, 14.75 ], "texture": "#texture" },
        "north": { "uv": [ 5, 14.5, 4, 14.75 ], "texture": "#texture" },
        "south": { "uv": [ 4, 14.75, 5, 14.5 ], "texture": "#texture" },
        "west":  { "uv": [ 4, 14.5, 4.25, 14.75 ], "rotation": 270, "texture": "#texture" },
        "east":  { "uv": [ 5, 14.5, 4.75, 14.75 ], "rotation": 90, "texture": "#texture" }
    }
},
{
    "__comment": "iron_ingot x64",
    "from": [ 4.25, 7, 8 ],
    "to": [ 11.5, 9, 8.25 ],
    "faces": {
        "down":  { "uv": [ 4.25, 8.25, 11.5, 8 ], "texture": "#texture" },
        "up":    { "uv": [ 4.25, 8, 11.5, 8.25 ], "texture": "#texture" },
        "north": { "uv": [ 11.5, 8, 4.25, 8.25 ], "texture": "#texture" },
        "south": { "uv": [ 4.25, 8.25, 11.5, 8 ], "texture": "#texture" },
        "west":  { "uv": [ 4.25, 8, 4.5, 8.25 ], "rotation": 270, "texture": "#texture" },
        "east":  { "uv": [ 11.5, 8, 11.25, 8.25 ], "rotation": 90, "texture": "#texture" }
    }
},
{
    "__comment": "iron_ingot x64",
    "from": [ 4.25, 7, 14.75 ],
    "to": [ 5, 9, 15 ],
    "faces": {
        "down":  { "uv": [ 4.25, 15, 5, 14.75 ], "texture": "#texture" },
        "up":    { "uv": [ 4.25, 14.75, 5, 15 ], "texture": "#texture" },
        "north": { "uv": [ 5, 14.75, 4.25, 15 ], "texture": "#texture" },
        "south": { "uv": [ 4.25, 15, 5, 14.75 ], "texture": "#texture" },
        "west":  { "uv": [ 4.25, 14.75, 4.5, 15 ], "rotation": 270, "texture": "#texture" },
        "east":  { "uv": [ 5, 14.75, 4.75, 15 ], "rotation": 90, "texture": "#texture" }
    }
},
{
    "__comment": "iron_ingot x64",
    "from": [ 4.5, 7, 7.75 ],
    "to": [ 11.75, 9, 8 ],
    "faces": {
        "down":  { "uv": [ 4.5, 8, 11.75, 7.75 ], "texture": "#texture" },
        "up":    { "uv": [ 4.5, 7.75, 11.75, 8 ], "texture": "#texture" },
        "north": { "uv": [ 11.75, 7.75, 4.5, 8 ], "texture": "#texture" },
        "south": { "uv": [ 4.5, 8, 11.75, 7.75 ], "texture": "#texture" },
        "west":  { "uv": [ 4.5, 7.75, 4.75, 8 ], "rotation": 270, "texture": "#texture" },
        "east":  { "uv": [ 11.75, 7.75, 11.5, 8 ], "rotation": 90, "texture": "#texture" }
    }
},
{
    "__comment": "iron_ingot x64",
    "from": [ 4.75, 7, 7.5 ],
    "to": [ 12, 9, 7.75 ],
    "faces": {
        "down":  { "uv": [ 4.75, 7.75, 12, 7.5 ], "texture": "#texture" },
        "up":    { "uv": [ 4.75, 7.5, 12, 7.75 ], "texture": "#texture" },
        "north": { "uv": [ 12, 7.5, 4.75, 7.75 ], "texture": "#texture" },
        "south": { "uv": [ 4.75, 7.75, 12, 7.5 ], "texture": "#texture" },
        "west":  { "uv": [ 4.75, 7.5, 5, 7.75 ], "rotation": 270, "texture": "#texture" },
        "east":  { "uv": [ 12, 7.5, 11.75, 7.75 ], "rotation": 90, "texture": "#texture" }
    }
},
{
    "__comment": "iron_ingot x64",
    "from": [ 5, 7, 7.25 ],
    "to": [ 12.25, 9, 7.5 ],
    "faces": {
        "down":  { "uv": [ 5, 7.5, 12.25, 7.25 ], "texture": "#texture" },
        "up":    { "uv": [ 5, 7.25, 12.25, 7.5 ], "texture": "#texture" },
        "north": { "uv": [ 12.25, 7.25, 5, 7.5 ], "texture": "#texture" },
        "south": { "uv": [ 5, 7.5, 12.25, 7.25 ], "texture": "#texture" },
        "west":  { "uv": [ 5, 7.25, 5.25, 7.5 ], "rotation": 270, "texture": "#texture" },
        "east":  { "uv": [ 12.25, 7.25, 12, 7.5 ], "rotation": 90, "texture": "#texture" }
    }
},
{
    "__comment": "iron_ingot x64",
    "from": [ 5.25, 7, 7 ],
    "to": [ 14.75, 9, 7.25 ],
    "faces": {
        "down":  { "uv": [ 5.25, 7.25, 14.75, 7 ], "texture": "#texture" },
        "up":    { "uv": [ 5.25, 7, 14.75, 7.25 ], "texture": "#texture" },
        "north": { "uv": [ 14.75, 7, 5.25, 7.25 ], "texture": "#texture" },
        "south": { "uv": [ 5.25, 7.25, 14.75, 7 ], "texture": "#texture" },
        "west":  { "uv": [ 5.25, 7, 5.5, 7.25 ], "rotation": 270, "texture": "#texture" },
        "east":  { "uv": [ 14.75, 7, 14.5, 7.25 ], "rotation": 90, "texture": "#texture" }
    }
},
{
    "__comment": "iron_ingot x64",
    "from": [ 5.5, 7, 6.75 ],
    "to": [ 15, 9, 7 ],
    "faces": {
        "down":  { "uv": [ 5.5, 7, 15, 6.75 ], "texture": "#texture" },
        "up":    { "uv": [ 5.5, 6.75, 15, 7 ], "texture": "#texture" },
        "north": { "uv": [ 15, 6.75, 5.5, 7 ], "texture": "#texture" },
        "south": { "uv": [ 5.5, 7, 15, 6.75 ], "texture": "#texture" },
        "west":  { "uv": [ 5.5, 6.75, 5.75, 7 ], "rotation": 270, "texture": "#texture" },
        "east":  { "uv": [ 15, 6.75, 14.75, 7 ], "rotation": 90, "texture": "#texture" }
    }
},
{
    "__comment": "iron_ingot x64",
    "from": [ 5.75, 7, 6.5 ],
    "to": [ 13.25, 9, 6.75 ],
    "faces": {
        "down":  { "uv": [ 5.75, 6.75, 13.25, 6.5 ], "texture": "#texture" },
        "up":    { "uv": [ 5.75, 6.5, 13.25, 6.75 ], "texture": "#texture" },
        "north": { "uv": [ 13.25, 6.5, 5.75, 6.75 ], "texture": "#texture" },
        "south": { "uv": [ 5.75, 6.75, 13.25, 6.5 ], "texture": "#texture" },
        "west":  { "uv": [ 5.75, 6.5, 6, 6.75 ], "rotation": 270, "texture": "#texture" },
        "east":  { "uv": [ 13.25, 6.5, 13, 6.75 ], "rotation": 90, "texture": "#texture" }
    }
},
{
    "__comment": "iron_ingot x64",
    "from": [ 6, 7, 6.25 ],
    "to": [ 13, 9, 6.5 ],
    "faces": {
        "down":  { "uv": [ 6, 6.5, 13, 6.25 ], "texture": "#texture" },
        "up":    { "uv": [ 6, 6.25, 13, 6.5 ], "texture": "#texture" },
        "north": { "uv": [ 13, 6.25, 6, 6.5 ], "texture": "#texture" },
        "south": { "uv": [ 6, 6.5, 13, 6.25 ], "texture": "#texture" },
        "west":  { "uv": [ 6, 6.25, 6.25, 6.5 ], "rotation": 270, "texture": "#texture" },
        "east":  { "uv": [ 13, 6.25, 12.75, 6.5 ], "rotation": 90, "texture": "#texture" }
    }
},
{
    "__comment": "iron_ingot x64",
    "from": [ 6.25, 7, 6 ],
    "to": [ 13, 9, 6.25 ],
    "faces": {
        "down":  { "uv": [ 6.25, 6.25, 13, 6 ], "texture": "#texture" },
        "up":    { "uv": [ 6.25, 6, 13, 6.25 ], "texture": "#texture" },
        "north": { "uv": [ 13, 6, 6.25, 6.25 ], "texture": "#texture" },
        "south": { "uv": [ 6.25, 6.25, 13, 6 ], "texture": "#texture" },
        "west":  { "uv": [ 6.25, 6, 6.5, 6.25 ], "rotation": 270, "texture": "#texture" },
        "east":  { "uv": [ 13, 6, 12.75, 6.25 ], "rotation": 90, "texture": "#texture" }
    }
},
{
    "__comment": "iron_ingot x64",
    "from": [ 6.5, 7, 5.75 ],
    "to": [ 13.25, 9, 6 ],
    "faces": {
        "down":  { "uv": [ 6.5, 6, 13.25, 5.75 ], "texture": "#texture" },
        "up":    { "uv": [ 6.5, 5.75, 13.25, 6 ], "texture": "#texture" },
        "north": { "uv": [ 13.25, 5.75, 6.5, 6 ], "texture": "#texture" },
        "south": { "uv": [ 6.5, 6, 13.25, 5.75 ], "texture": "#texture" },
        "west":  { "uv": [ 6.5, 5.75, 6.75, 6 ], "rotation": 270, "texture": "#texture" },
        "east":  { "uv": [ 13.25, 5.75, 13, 6 ], "rotation": 90, "texture": "#texture" }
    }
},
{
    "__comment": "iron_ingot x64",
    "from": [ 6.75, 7, 5.5 ],
    "to": [ 13.25, 9, 5.75 ],
    "faces": {
        "down":  { "uv": [ 6.75, 5.75, 13.25, 5.5 ], "texture": "#texture" },
        "up":    { "uv": [ 6.75, 5.5, 13.25, 5.75 ], "texture": "#texture" },
        "north": { "uv": [ 13.25, 5.5, 6.75, 5.75 ], "texture": "#texture" },
        "south": { "uv": [ 6.75, 5.75, 13.25, 5.5 ], "texture": "#texture" },
        "west":  { "uv": [ 6.75, 5.5, 7, 5.75 ], "rotation": 270, "texture": "#texture" },
        "east":  { "uv": [ 13.25, 5.5, 13, 5.75 ], "rotation": 90, "texture": "#texture" }
    }
},
{
    "__comment": "iron_ingot x64",
    "from": [ 7, 7, 5.25 ],
    "to": [ 13.25, 9, 5.5 ],
    "faces": {
        "down":  { "uv": [ 7, 5.5, 13.25, 5.25 ], "texture": "#texture" },
        "up":    { "uv": [ 7, 5.25, 13.25, 5.5 ], "texture": "#texture" },
        "north": { "uv": [ 13.25, 5.25, 7, 5.5 ], "texture": "#texture" },
        "south": { "uv": [ 7, 5.5, 13.25, 5.25 ], "texture": "#texture" },
        "west":  { "uv": [ 7, 5.25, 7.25, 5.5 ], "rotation": 270, "texture": "#texture" },
        "east":  { "uv": [ 13.25, 5.25, 13, 5.5 ], "rotation": 90, "texture": "#texture" }
    }
},
{
    "__comment": "iron_ingot x64",
    "from": [ 7.25, 7, 5 ],
    "to": [ 13.25, 9, 5.25 ],
    "faces": {
        "down":  { "uv": [ 7.25, 5.25, 13.25, 5 ], "texture": "#texture" },
        "up":    { "uv": [ 7.25, 5, 13.25, 5.25 ], "texture": "#texture" },
        "north": { "uv": [ 13.25, 5, 7.25, 5.25 ], "texture": "#texture" },
        "south": { "uv": [ 7.25, 5.25, 13.25, 5 ], "texture": "#texture" },
        "west":  { "uv": [ 7.25, 5, 7.5, 5.25 ], "rotation": 270, "texture": "#texture" },
        "east":  { "uv": [ 13.25, 5, 13, 5.25 ], "rotation": 90, "texture": "#texture" }
    }
},
{
    "__comment": "iron_ingot x64",
    "from": [ 7.5, 7, 4.75 ],
    "to": [ 15, 9, 5 ],
    "faces": {
        "down":  { "uv": [ 7.5, 5, 15, 4.75 ], "texture": "#texture" },
        "up":    { "uv": [ 7.5, 4.75, 15, 5 ], "texture": "#texture" },
        "north": { "uv": [ 15, 4.75, 7.5, 5 ], "texture": "#texture" },
        "south": { "uv": [ 7.5, 5, 15, 4.75 ], "texture": "#texture" },
        "west":  { "uv": [ 7.5, 4.75, 7.75, 5 ], "rotation": 270, "texture": "#texture" },
        "east":  { "uv": [ 15, 4.75, 14.75, 5 ], "rotation": 90, "texture": "#texture" }
    }
},
{
    "__comment": "iron_ingot x64",
    "from": [ 7.75, 7, 4.5 ],
    "to": [ 14.75, 9, 4.75 ],
    "faces": {
        "down":  { "uv": [ 7.75, 4.75, 14.75, 4.5 ], "texture": "#texture" },
        "up":    { "uv": [ 7.75, 4.5, 14.75, 4.75 ], "texture": "#texture" },
        "north": { "uv": [ 14.75, 4.5, 7.75, 4.75 ], "texture": "#texture" },
        "south": { "uv": [ 7.75, 4.75, 14.75, 4.5 ], "texture": "#texture" },
        "west":  { "uv": [ 7.75, 4.5, 8, 4.75 ], "rotation": 270, "texture": "#texture" },
        "east":  { "uv": [ 14.75, 4.5, 14.5, 4.75 ], "rotation": 90, "texture": "#texture" }
    }
},
{
    "__comment": "iron_ingot x64",
    "from": [ 8, 7, 4.25 ],
    "to": [ 14.25, 9, 4.5 ],
    "faces": {
        "down":  { "uv": [ 8, 4.5, 14.25, 4.25 ], "texture": "#texture" },
        "up":    { "uv": [ 8, 4.25, 14.25, 4.5 ], "texture": "#texture" },
        "north": { "uv": [ 14.25, 4.25, 8, 4.5 ], "texture": "#texture" },
        "south": { "uv": [ 8, 4.5, 14.25, 4.25 ], "texture": "#texture" },
        "west":  { "uv": [ 8, 4.25, 8.25, 4.5 ], "rotation": 270, "texture": "#texture" },
        "east":  { "uv": [ 14.25, 4.25, 14, 4.5 ], "rotation": 90, "texture": "#texture" }
    }
},
{
    "__comment": "iron_ingot x64",
    "from": [ 8, 7, 11 ],
    "to": [ 8.25, 9, 11.5 ],
    "faces": {
        "down":  { "uv": [ 8, 11.5, 8.25, 11 ], "texture": "#texture" },
        "up":    { "uv": [ 8, 11, 8.25, 11.5 ], "texture": "#texture" },
        "north": { "uv": [ 8.25, 11, 8, 11.25 ], "texture": "#texture" },
        "south": { "uv": [ 8, 11.5, 8.25, 11.25 ], "texture": "#texture" },
        "west":  { "uv": [ 8, 11, 8.25, 11.5 ], "rotation": 270, "texture": "#texture" },
        "east":  { "uv": [ 8.25, 11, 8, 11.5 ], "rotation": 90, "texture": "#texture" }
    }
},
{
    "__comment": "iron_ingot x64",
    "from": [ 8.25, 7, 4 ],
    "to": [ 13, 9, 4.25 ],
    "faces": {
        "down":  { "uv": [ 8.25, 4.25, 13, 4 ], "texture": "#texture" },
        "up":    { "uv": [ 8.25, 4, 13, 4.25 ], "texture": "#texture" },
        "north": { "uv": [ 13, 4, 8.25, 4.25 ], "texture": "#texture" },
        "south": { "uv": [ 8.25, 4.25, 13, 4 ], "texture": "#texture" },
        "west":  { "uv": [ 8.25, 4, 8.5, 4.25 ], "rotation": 270, "texture": "#texture" },
        "east":  { "uv": [ 13, 4, 12.75, 4.25 ], "rotation": 90, "texture": "#texture" }
    }
},
{
    "__comment": "iron_ingot x64",
    "from": [ 8.25, 7, 11 ],
    "to": [ 8.5, 9, 11.25 ],
    "faces": {
        "down":  { "uv": [ 8.25, 11.25, 8.5, 11 ], "texture": "#texture" },
        "up":    { "uv": [ 8.25, 11, 8.5, 11.25 ], "texture": "#texture" },
        "north": { "uv": [ 8.5, 11, 8.25, 11.25 ], "texture": "#texture" },
        "south": { "uv": [ 8.25, 11.25, 8.5, 11 ], "texture": "#texture" },
        "west":  { "uv": [ 8.25, 11, 8.5, 11.25 ], "rotation": 270, "texture": "#texture" },
        "east":  { "uv": [ 8.5, 11, 8.25, 11.25 ], "rotation": 90, "texture": "#texture" }
    }
},
{
    "__comment": "iron_ingot x64",
    "from": [ 8.5, 7, 3.75 ],
    "to": [ 12.75, 9, 4 ],
    "faces": {
        "down":  { "uv": [ 8.5, 4, 12.75, 3.75 ], "texture": "#texture" },
        "up":    { "uv": [ 8.5, 3.75, 12.75, 4 ], "texture": "#texture" },
        "north": { "uv": [ 12.75, 3.75, 8.5, 4 ], "texture": "#texture" },
        "south": { "uv": [ 8.5, 4, 12.75, 3.75 ], "texture": "#texture" },
        "west":  { "uv": [ 8.5, 3.75, 8.75, 4 ], "rotation": 270, "texture": "#texture" },
        "east":  { "uv": [ 12.75, 3.75, 12.5, 4 ], "rotation": 90, "texture": "#texture" }
    }
},
{
    "__comment": "iron_ingot x64",
    "from": [ 8.75, 7, 3.25 ],
    "to": [ 9.5, 9, 3.75 ],
    "faces": {
        "down":  { "uv": [ 8.75, 3.75, 9.5, 3.25 ], "texture": "#texture" },
        "up":    { "uv": [ 8.75, 3.25, 9.5, 3.75 ], "texture": "#texture" },
        "north": { "uv": [ 9.5, 3.25, 8.75, 3.5 ], "texture": "#texture" },
        "south": { "uv": [ 8.75, 3.75, 9.5, 3.5 ], "texture": "#texture" },
        "west":  { "uv": [ 8.75, 3.25, 9, 3.75 ], "rotation": 270, "texture": "#texture" },
        "east":  { "uv": [ 9.5, 3.25, 9.25, 3.75 ], "rotation": 90, "texture": "#texture" }
    }
},
{
    "__comment": "iron_ingot x64",
    "from": [ 9.5, 7, 3.5 ],
    "to": [ 9.75, 9, 3.75 ],
    "faces": {
        "down":  { "uv": [ 9.5, 3.75, 9.75, 3.5 ], "texture": "#texture" },
        "up":    { "uv": [ 9.5, 3.5, 9.75, 3.75 ], "texture": "#texture" },
        "north": { "uv": [ 9.75, 3.5, 9.5, 3.75 ], "texture": "#texture" },
        "south": { "uv": [ 9.5, 3.75, 9.75, 3.5 ], "texture": "#texture" },
        "west":  { "uv": [ 9.5, 3.5, 9.75, 3.75 ], "rotation": 270, "texture": "#texture" },
        "east":  { "uv": [ 9.75, 3.5, 9.5, 3.75 ], "rotation": 90, "texture": "#texture" }
    }
},
{
    "__comment": "iron_ingot x64",
    "from": [ 10.25, 7, 3.5 ],
    "to": [ 12.5, 9, 3.75 ],
    "faces": {
        "down":  { "uv": [ 10.25, 3.75, 12.5, 3.5 ], "texture": "#texture" },
        "up":    { "uv": [ 10.25, 3.5, 12.5, 3.75 ], "texture": "#texture" },
        "north": { "uv": [ 12.5, 3.5, 10.25, 3.75 ], "texture": "#texture" },
        "south": { "uv": [ 10.25, 3.75, 12.5, 3.5 ], "texture": "#texture" },
        "west":  { "uv": [ 10.25, 3.5, 10.5, 3.75 ], "rotation": 270, "texture": "#texture" },
        "east":  { "uv": [ 12.5, 3.5, 12.25, 3.75 ], "rotation": 90, "texture": "#texture" }
    }
},
{
    "__comment": "iron_ingot x64",
    "from": [ 10.5, 7, 3.25 ],
    "to": [ 12.25, 9, 3.5 ],
    "faces": {
        "down":  { "uv": [ 10.5, 3.5, 12.25, 3.25 ], "texture": "#texture" },
        "up":    { "uv": [ 10.5, 3.25, 12.25, 3.5 ], "texture": "#texture" },
        "north": { "uv": [ 12.25, 3.25, 10.5, 3.5 ], "texture": "#texture" },
        "south": { "uv": [ 10.5, 3.5, 12.25, 3.25 ], "texture": "#texture" },
        "west":  { "uv": [ 10.5, 3.25, 10.75, 3.5 ], "rotation": 270, "texture": "#texture" },
        "east":  { "uv": [ 12.25, 3.25, 12, 3.5 ], "rotation": 90, "texture": "#texture" }
    }
},
{
    "__comment": "iron_ingot x64",
    "from": [ 10.75, 7, 3 ],
    "to": [ 12, 9, 3.25 ],
    "faces": {
        "down":  { "uv": [ 10.75, 3.25, 12, 3 ], "texture": "#texture" },
        "up":    { "uv": [ 10.75, 3, 12, 3.25 ], "texture": "#texture" },
        "north": { "uv": [ 12, 3, 10.75, 3.25 ], "texture": "#texture" },
        "south": { "uv": [ 10.75, 3.25, 12, 3 ], "texture": "#texture" },
        "west":  { "uv": [ 10.75, 3, 11, 3.25 ], "rotation": 270, "texture": "#texture" },
        "east":  { "uv": [ 12, 3, 11.75, 3.25 ], "rotation": 90, "texture": "#texture" }
    }
},
{
    "__comment": "iron_ingot x64",
    "from": [ 11, 7, 2.75 ],
    "to": [ 11.75, 9, 3 ],
    "faces": {
        "down":  { "uv": [ 11, 3, 11.75, 2.75 ], "texture": "#texture" },
        "up":    { "uv": [ 11, 2.75, 11.75, 3 ], "texture": "#texture" },
        "north": { "uv": [ 11.75, 2.75, 11, 3 ], "texture": "#texture" },
        "south": { "uv": [ 11, 3, 11.75, 2.75 ], "texture": "#texture" },
        "west":  { "uv": [ 11, 2.75, 11.25, 3 ], "rotation": 270, "texture": "#texture" },
        "east":  { "uv": [ 11.75, 2.75, 11.5, 3 ], "rotation": 90, "texture": "#texture" }
    }
},
{
    "__comment": "iron_ingot x64",
    "from": [ 11.25, 7, 2.5 ],
    "to": [ 11.5, 9, 2.75 ],
    "faces": {
        "down":  { "uv": [ 11.25, 2.75, 11.5, 2.5 ], "texture": "#texture" },
        "up":    { "uv": [ 11.25, 2.5, 11.5, 2.75 ], "texture": "#texture" },
        "north": { "uv": [ 11.5, 2.5, 11.25, 2.75 ], "texture": "#texture" },
        "south": { "uv": [ 11.25, 2.75, 11.5, 2.5 ], "texture": "#texture" },
        "west":  { "uv": [ 11.25, 2.5, 11.5, 2.75 ], "rotation": 270, "texture": "#texture" },
        "east":  { "uv": [ 11.5, 2.5, 11.25, 2.75 ], "rotation": 90, "texture": "#texture" }
    }
},
{
    "__comment": "iron_ingot x64",
    "from": [ 13, 7, 7.25 ],
    "to": [ 14.25, 9, 7.5 ],
    "faces": {
        "down":  { "uv": [ 13, 7.5, 14.25, 7.25 ], "texture": "#texture" },
        "up":    { "uv": [ 13, 7.25, 14.25, 7.5 ], "texture": "#texture" },
        "north": { "uv": [ 14.25, 7.25, 13, 7.5 ], "texture": "#texture" },
        "south": { "uv": [ 13, 7.5, 14.25, 7.25 ], "texture": "#texture" },
        "west":  { "uv": [ 13, 7.25, 13.25, 7.5 ], "rotation": 270, "texture": "#texture" },
        "east":  { "uv": [ 14.25, 7.25, 14, 7.5 ], "rotation": 90, "texture": "#texture" }
    }
},
{
    "__comment": "iron_ingot x64",
    "from": [ 14, 7, 5 ],
    "to": [ 15, 9, 5.25 ],
    "faces": {
        "down":  { "uv": [ 14, 5.25, 15, 5 ], "texture": "#texture" },
        "up":    { "uv": [ 14, 5, 15, 5.25 ], "texture": "#texture" },
        "north": { "uv": [ 15, 5, 14, 5.25 ], "texture": "#texture" },
        "south": { "uv": [ 14, 5.25, 15, 5 ], "texture": "#texture" },
        "west":  { "uv": [ 14, 5, 14.25, 5.25 ], "rotation": 270, "texture": "#texture" },
        "east":  { "uv": [ 15, 5, 14.75, 5.25 ], "rotation": 90, "texture": "#texture" }
    }
},
{
    "__comment": "iron_ingot x64",
    "from": [ 14, 7, 6.5 ],
    "to": [ 15, 9, 6.75 ],
    "faces": {
        "down":  { "uv": [ 14, 6.75, 15, 6.5 ], "texture": "#texture" },
        "up":    { "uv": [ 14, 6.5, 15, 6.75 ], "texture": "#texture" },
        "north": { "uv": [ 15, 6.5, 14, 6.75 ], "texture": "#texture" },
        "south": { "uv": [ 14, 6.75, 15, 6.5 ], "texture": "#texture" },
        "west":  { "uv": [ 14, 6.5, 14.25, 6.75 ], "rotation": 270, "texture": "#texture" },
        "east":  { "uv": [ 15, 6.5, 14.75, 6.75 ], "rotation": 90, "texture": "#texture" }
    }
},
{
    "__comment": "iron_ingot x64",
    "from": [ 14.25, 7, 5.25 ],
    "to": [ 15.25, 9, 5.5 ],
    "faces": {
        "down":  { "uv": [ 14.25, 5.5, 15.25, 5.25 ], "texture": "#texture" },
        "up":    { "uv": [ 14.25, 5.25, 15.25, 5.5 ], "texture": "#texture" },
        "north": { "uv": [ 15.25, 5.25, 14.25, 5.5 ], "texture": "#texture" },
        "south": { "uv": [ 14.25, 5.5, 15.25, 5.25 ], "texture": "#texture" },
        "west":  { "uv": [ 14.25, 5.25, 14.5, 5.5 ], "rotation": 270, "texture": "#texture" },
        "east":  { "uv": [ 15.25, 5.25, 15, 5.5 ], "rotation": 90, "texture": "#texture" }
    }
},
{
    "__comment": "iron_ingot x64",
    "from": [ 14.25, 7, 6.25 ],
    "to": [ 15.25, 9, 6.5 ],
    "faces": {
        "down":  { "uv": [ 14.25, 6.5, 15.25, 6.25 ], "texture": "#texture" },
        "up":    { "uv": [ 14.25, 6.25, 15.25, 6.5 ], "texture": "#texture" },
        "north": { "uv": [ 15.25, 6.25, 14.25, 6.5 ], "texture": "#texture" },
        "south": { "uv": [ 14.25, 6.5, 15.25, 6.25 ], "texture": "#texture" },
        "west":  { "uv": [ 14.25, 6.25, 14.5, 6.5 ], "rotation": 270, "texture": "#texture" },
        "east":  { "uv": [ 15.25, 6.25, 15, 6.5 ], "rotation": 90, "texture": "#texture" }
    }
},
{
    "__comment": "iron_ingot x64",
    "from": [ 14.5, 7, 5.5 ],
    "to": [ 15.25, 9, 6.25 ],
    "faces": {
        "down":  { "uv": [ 14.5, 6.25, 15.25, 5.5 ], "texture": "#texture" },
        "up":    { "uv": [ 14.5, 5.5, 15.25, 6.25 ], "texture": "#texture" },
        "north": { "uv": [ 15.25, 5.5, 14.5, 5.75 ], "texture": "#texture" },
        "south": { "uv": [ 14.5, 6.25, 15.25, 6 ], "texture": "#texture" },
        "west":  { "uv": [ 14.5, 5.5, 14.75, 6.25 ], "rotation": 270, "texture": "#texture" },
        "east":  { "uv": [ 15.25, 5.5, 15, 6.25 ], "rotation": 90, "texture": "#texture" }
    }
}
],
"display": {
    "thirdperson_righthand": {
        "rotation": [ 90, 0, 88 ],
        "translation": [ 0, 0, 0 ],
        "scale": [ 1, 1, 1 ]
    },
    "head": {
        "rotation": [ 90, 0, 0 ],
        "translation": [ 0, 0, 0 ],
        "scale": [ 1.5, 1.5, 1.5 ]
    },
    "fixed": {
        "rotation": [ 90, 0, 0 ],
        "translation": [ 0, 0, 0 ],
        "scale": [ 1, 1, 1 ]
    },
    "firstperson_righthand": {
        "rotation": [ 116, -24, -105 ],
        "translation": [ 0, 1.13, 0 ],
        "scale": [ 1, 1, 1 ]
    },
    "gui": {
        "rotation": [ 90, 0, 0 ],
        "translation": [ 0, 0, 0 ],
        "scale": [ 1, 1, 1 ]
    }
}
}
