{
	"__comment": "Designed by Kingmarnik with BDcraft Cubik PRO 0.93 Beta - http://bdcraft.net",
	"textures": {
		"KnifeT": "items/knifet"
	},
	"elements": [
		{
			"from": [ 5.8125, 5.5, 7.625 ],
			"to": [ 6.8125, 6.5, 8.125 ],
			"rotation": { "origin": [ 5.8125, 5.5, 7.625 ], "axis": "y", "angle": -22.5 },
			"faces": {
				"down": { "uv": [ 14, 5, 15, 5.5 ], "texture": "#KnifeT" },
				"up": { "uv": [ 14, 5, 15, 5.5 ], "texture": "#KnifeT" },
				"north": { "uv": [ 14, 5.5, 15, 6.5 ], "texture": "#KnifeT" },
				"south": { "uv": [ 14, 5.5, 15, 6.5 ], "texture": "#KnifeT" },
				"west": { "uv": [ 14, 4.5, 14.5, 5.5 ], "texture": "#KnifeT" },
				"east": { "uv": [ 14, 4.5, 14.5, 5.5 ], "texture": "#KnifeT" }
			}
		},
		{
			"from": [ 6.5, 5.5, 8 ],
			"to": [ 9.5, 6.5, 8.5 ],
			"faces": {
				"down": { "uv": [ 13, 5.5, 16, 6 ], "texture": "#KnifeT" },
				"up": { "uv": [ 13, 5.5, 16, 6 ], "texture": "#KnifeT" },
				"north": { "uv": [ 13, 6.5, 16, 7.5 ], "texture": "#KnifeT" },
				"south": { "uv": [ 13, 6.5, 16, 7.5 ], "texture": "#KnifeT" },
				"west": { "uv": [ 15, 6.5, 15.5, 7.5 ], "texture": "#KnifeT" },
				"east": { "uv": [ 15, 6.5, 15.5, 7.5 ], "texture": "#KnifeT" }
			}
		},
		{
			"from": [ 9.3125, 5.5, 8.0625 ],
			"to": [ 10.3125, 6.5, 8.5625 ],
			"rotation": { "origin": [ 9.3125, 5.5, 8.0625 ], "axis": "y", "angle": 22.5 },
			"faces": {
				"down": { "uv": [ 13.5, 5.5, 15, 6 ], "texture": "#KnifeT" },
				"up": { "uv": [ 13.5, 5.5, 15, 6 ], "texture": "#KnifeT" },
				"north": { "uv": [ 13.5, 4.5, 15, 5.5 ], "texture": "#KnifeT" },
				"south": { "uv": [ 13.5, 4.5, 15, 5.5 ], "texture": "#KnifeT" },
				"west": { "uv": [ 14, 5, 14.5, 6 ], "texture": "#KnifeT" },
				"east": { "uv": [ 14, 5, 14.5, 6 ], "texture": "#KnifeT" }
			}
		},
		{
			"from": [ 8, 5.6875, 7 ],
			"to": [ 8.5, 6.1875, 8.5 ],
			"rotation": { "origin": [ 8, 5.6875, 7 ], "axis": "y", "angle": -22.5 },
			"faces": {
				"down": { "uv": [ 7.5, 7, 7, 5.5 ], "texture": "#KnifeT" },
				"up": { "uv": [ 8.5, 5.5, 9, 7 ], "texture": "#KnifeT" },
				"north": { "uv": [ 7, 0, 7.5, 1 ], "texture": "#KnifeT" },
				"south": { "uv": [ 8.5, 0, 9, 1 ], "texture": "#KnifeT" },
				"west": { "uv": [ 5.5, 0, 7, 1 ], "texture": "#KnifeT" },
				"east": { "uv": [ 9, 0, 10.5, 1 ], "texture": "#KnifeT" }
			}
		},
		{
			"from": [ 8, 5.6875, 0 ],
			"to": [ 9, 6.1875, 8 ],
			"faces": {
				"down": { "uv": [ 8, 0, 9.5, 10 ], "texture": "#KnifeT" },
				"up": { "uv": [ 8, 0, 9.5, 10 ], "texture": "#KnifeT" },
				"north": { "uv": [ 7, 9, 8, 9.5 ], "texture": "#KnifeT" },
				"south": { "uv": [ 7, 9, 8, 9.5 ], "texture": "#KnifeT" },
				"west": { "uv": [ 0, 8, 12.5, 9 ], "texture": "#KnifeT" },
				"east": { "uv": [ 0, 8, 12.5, 9 ], "texture": "#KnifeT" }
			}
		},
		{
			"from": [ 7.625, 5.6875, 5.9375 ],
			"to": [ 8.125, 6.1875, 7.4375 ],
			"rotation": { "origin": [ 7.625, 5.6875, 5.9375 ], "axis": "y", "angle": 22.5 },
			"faces": {
				"down": { "uv": [ 9.5, 6, 9, 4.5 ], "texture": "#KnifeT" },
				"up": { "uv": [ 6.5, 4.5, 7, 6 ], "texture": "#KnifeT" },
				"north": { "uv": [ 9, 0, 9.5, 1 ], "texture": "#KnifeT" },
				"south": { "uv": [ 6.5, 0, 7, 1 ], "texture": "#KnifeT" },
				"west": { "uv": [ 4.5, 0, 6, 1 ], "texture": "#KnifeT" },
				"east": { "uv": [ 10, 0, 11.5, 1 ], "texture": "#KnifeT" }
			}
		},
		{
			"from": [ 7.9375, 5.6875, 4.5 ],
			"to": [ 9.375, 6.1875, 5.8125 ],
			"rotation": { "origin": [ 7.9375, 5.6875, 4.5 ], "axis": "y", "angle": -45 },
			"faces": {
				"down": { "uv": [ 11, 5, 9.5, 4.5 ], "texture": "#KnifeT" },
				"up": { "uv": [ 5, 4.5, 6.5, 5 ], "texture": "#KnifeT" },
				"north": { "uv": [ 7.5, 7.5, 9, 8.5 ], "texture": "#KnifeT" },
				"south": { "uv": [ 7.5, 7.5, 9, 8.5 ], "texture": "#KnifeT" },
				"west": { "uv": [ 10.5, 8.5, 11, 9.5 ], "texture": "#KnifeT" },
				"east": { "uv": [ 10.5, 8.5, 11, 9.5 ], "texture": "#KnifeT" }
			}
		},
		{
			"from": [ 7, 5.6875, 1.9375 ],
			"to": [ 9, 6.1875, 5.4375 ],
			"faces": {
				"down": { "uv": [ 9, 5.4375, 7, 1.9375 ], "texture": "#KnifeT" },
				"up": { "uv": [ 7, 1.9375, 9, 5.4375 ], "texture": "#KnifeT" },
				"north": { "uv": [ 5, 5.5, 7, 6 ], "texture": "#KnifeT" },
				"south": { "uv": [ 5, 5.5, 7, 6 ], "texture": "#KnifeT" },
				"west": { "uv": [ 1, 6.5, 9, 7.5 ], "texture": "#KnifeT" },
				"east": { "uv": [ 1, 6.5, 9, 7.5 ], "texture": "#KnifeT" }
			}
		},
		{
			"from": [ 7.9375, 5.6875, -0.3125 ],
			"to": [ 8.9375, 6.1875, 2.1875 ],
			"rotation": { "origin": [ 7.9375, 5.6875, -0.3125 ], "axis": "y", "angle": -22.5 },
			"faces": {
				"down": { "uv": [ 5.75, 0, 6.75, 2.5 ], "texture": "#KnifeT" },
				"up": { "uv": [ 5.75, 0, 6.75, 2.5 ], "texture": "#KnifeT" },
				"north": { "uv": [ 6.5, 6, 7.5, 7 ], "texture": "#KnifeT" },
				"south": { "uv": [ 6.5, 6, 7.5, 7 ], "texture": "#KnifeT" },
				"west": { "uv": [ 1, 7.5, 3.5, 8.5 ], "texture": "#KnifeT" },
				"east": { "uv": [ 1, 7.5, 3.5, 8.5 ], "texture": "#KnifeT" }
			}
		},
		{
			"from": [ 8.625, 5.6875, -1 ],
			"to": [ 9.125, 6.1875, 0 ],
			"rotation": { "origin": [ 8.625, 5.6875, -1 ], "axis": "y", "angle": -45 },
			"faces": {
				"down": { "uv": [ 9.6875, 0, 10.6875, 2.5 ], "texture": "#KnifeT" },
				"up": { "uv": [ 9.6875, 0, 10.6875, 2.5 ], "texture": "#KnifeT" },
				"north": { "uv": [ 5, 8, 5.5, 8.5 ], "texture": "#KnifeT" },
				"south": { "uv": [ 5, 8, 5.5, 8.5 ], "texture": "#KnifeT" },
				"west": { "uv": [ 0, 8.5, 2.5, 9.5 ], "texture": "#KnifeT" },
				"east": { "uv": [ 0, 8.5, 2.5, 9.5 ], "texture": "#KnifeT" }
			}
		},
		{
			"from": [ 8.5, 5.6875, -0.8125 ],
			"to": [ 9, 6.1875, 0.6875 ],
			"faces": {
				"down": { "uv": [ 8.5, 0, 9.5, 3 ], "texture": "#KnifeT" },
				"up": { "uv": [ 8.5, 0, 9.5, 3 ], "texture": "#KnifeT" },
				"north": { "uv": [ 6.5, 9, 7.5, 10 ], "texture": "#KnifeT" },
				"south": { "uv": [ 6.5, 9, 7.5, 10 ], "texture": "#KnifeT" },
				"west": { "uv": [ 0, 8, 2.5, 9 ], "texture": "#KnifeT" },
				"east": { "uv": [ 0, 8, 2.5, 9 ], "texture": "#KnifeT" }
			}
		},
		{
			"from": [ 8.125, 5.6875, -0.375 ],
			"to": [ 8.625, 6.1875, 0.125 ],
			"faces": {
				"down": { "uv": [ 7.875, 0.125, 7.375, 0 ], "texture": "#KnifeT" },
				"up": { "uv": [ 8.125, 0, 8.625, 0.125 ], "texture": "#KnifeT" },
				"north": { "uv": [ 7.375, 9.8125, 7.875, 10.3125 ], "texture": "#KnifeT" },
				"south": { "uv": [ 8.125, 9.8125, 8.625, 10.3125 ], "texture": "#KnifeT" },
				"west": { "uv": [ 0, 9.8125, 0.125, 10.3125 ], "texture": "#KnifeT" },
				"east": { "uv": [ 15.875, 9.8125, 16, 10.3125 ], "texture": "#KnifeT" }
			}
		},
		{
			"from": [ 7.375, 5.5, 8.5 ],
			"to": [ 8.625, 6.5, 13 ],
			"faces": {
				"down": { "uv": [ 0.5, 11, 14.5, 14.5 ], "texture": "#KnifeT", "rotation": 90 },
				"up": { "uv": [ 0.5, 11, 14.5, 14.5 ], "texture": "#KnifeT", "rotation": 90 },
				"north": { "uv": [ 0.5, 11, 14.5, 14.5 ], "texture": "#KnifeT" },
				"south": { "uv": [ 0.5, 11, 14.5, 14.5 ], "texture": "#KnifeT" },
				"west": { "uv": [ 0.5, 11, 14.5, 14.5 ], "texture": "#KnifeT" },
				"east": { "uv": [ 0.5, 11, 14.5, 14.5 ], "texture": "#KnifeT" }
			}
		},
		{
			"from": [ 7.25, 5.25, 13 ],
			"to": [ 8.75, 6.75, 13.5 ],
			"faces": {
				"down": { "uv": [ 8.75, 13.5, 7.25, 13 ], "texture": "#KnifeT" },
				"up": { "uv": [ 7.25, 13, 8.75, 13.5 ], "texture": "#KnifeT" },
				"north": { "uv": [ 6.5, 13, 8, 14.5 ], "texture": "#KnifeT" },
				"south": { "uv": [ 6.5, 13, 8, 14.5 ], "texture": "#KnifeT" },
				"west": { "uv": [ 9, 11.5, 9.5, 13 ], "texture": "#KnifeT" },
				"east": { "uv": [ 9, 11.5, 9.5, 13 ], "texture": "#KnifeT" }
			}
		},
		{
			"from": [ 7, 5.6875, 8 ],
			"to": [ 8, 6.1875, 8.5 ],
			"rotation": { "origin": [ 7, 5.6875, 8 ], "axis": "y", "angle": 22.5 },
			"faces": {
				"down": { "uv": [ 10, 7, 9, 6.5 ], "texture": "#KnifeT" },
				"up": { "uv": [ 6, 6.5, 7, 7 ], "texture": "#KnifeT" },
				"north": { "uv": [ 9, 0, 10, 1 ], "texture": "#KnifeT" },
				"south": { "uv": [ 6, 0, 7, 1 ], "texture": "#KnifeT" },
				"west": { "uv": [ 6.5, 0, 7, 1 ], "texture": "#KnifeT" },
				"east": { "uv": [ 9, 0, 9.5, 1 ], "texture": "#KnifeT" }
			}
		},
		{
			"from": [ 8.5, 5.6875, -1 ],
			"to": [ 9, 6.1875, 0 ],
			"faces": {
				"down": { "uv": [ 8.5, 6, 9, 7.5 ], "texture": "#KnifeT" },
				"up": { "uv": [ 8.5, 6, 9, 7.5 ], "texture": "#KnifeT" },
				"north": { "uv": [ 7, 8.5, 8, 9.5 ], "texture": "#KnifeT" },
				"south": { "uv": [ 7, 8.5, 8, 9.5 ], "texture": "#KnifeT" },
				"west": { "uv": [ 2, 9, 3, 9.5 ], "texture": "#KnifeT" },
				"east": { "uv": [ 2, 9, 3, 9.5 ], "texture": "#KnifeT" }
			}
		}
	],
	"display": {
		"thirdperson_righthand": {
			"rotation":  [ -80, 180, -83 ],
			"translation":  [ -2.085, 1.8949, 1.6749 ]
		},
		"firstperson_righthand": {
			"rotation":  [ 94, 12, 106 ],
			"translation":  [ 7.6521, -1.48, -10.11 ],
			"scale":  [ 2, 1, 1.1999 ]
		},
		"gui": {
			"rotation":  [ 160, 0, -125 ],
			"translation":  [ 0.8, -0.6, 0 ],
			"scale":  [ 2, 2, 2 ]
		}
	}
}