{
	"__comment": "Designed by king_marnik with BDcraft Cubik PRO 0.93 Beta - http://bdcraft.net",
	"textures": {
		"Glock_Fade": "items/glock_fade"
	},
	"elements": [
		{
			"from": [ 1, 8, 7 ],
			"to": [ 9.5, 10, 9 ],
			"faces": {
				"down": { "uv": [ 1.25, 6.125, 9.875, 6.5 ], "texture": "#Glock_Fade" },
				"up": { "uv": [ 1.25, 6.125, 9.75, 6.125 ], "texture": "#Glock_Fade" },
				"north": { "uv": [ 9.5, 6, 1, 8 ], "texture": "#Glock_Fade" },
				"south": { "uv": [ 1, 6, 9.5, 8 ], "texture": "#Glock_Fade" },
				"west": { "uv": [ 15.25, 5.75, 16, 6.875 ], "texture": "#Glock_Fade" },
				"east": { "uv": [ 9.125, 6, 9.5, 7.875 ], "texture": "#Glock_Fade" }
			}
		},
		{
			"from": [ 9.5, 8, 7.2 ],
			"to": [ 9.75, 10, 8.8 ],
			"faces": {
				"down": { "uv": [ 6.875, 6, 7.125, 6.5 ], "texture": "#Glock_Fade" },
				"up": { "uv": [ 9.875, 6, 10.125, 6.5 ], "texture": "#Glock_Fade" },
				"north": { "uv": [ 9.5, 6, 9.75, 8 ], "texture": "#Glock_Fade" },
				"south": { "uv": [ 9.5, 6, 9.75, 8 ], "texture": "#Glock_Fade" },
				"west": { "uv": [ 7.1875, 6, 8.75, 8 ], "texture": "#Glock_Fade" },
				"east": { "uv": [ 7.1875, 6, 8.75, 8 ], "texture": "#Glock_Fade" }
			}
		},
		{
			"from": [ 9.75, 8, 7 ],
			"to": [ 10, 10, 9 ],
			"faces": {
				"down": { "uv": [ 6.25, 9, 6, 7 ], "texture": "#Glock_Fade" },
				"up": { "uv": [ 10, 6.5, 10.25, 7 ], "texture": "#Glock_Fade" },
				"north": { "uv": [ 9.75, 6, 10, 8 ], "texture": "#Glock_Fade" },
				"south": { "uv": [ 9.75, 6, 10, 8 ], "texture": "#Glock_Fade" },
				"west": { "uv": [ 9.75, 6, 10.125, 8 ], "texture": "#Glock_Fade" },
				"east": { "uv": [ 9.75, 6, 10.125, 8 ], "texture": "#Glock_Fade" }
			}
		},
		{
			"from": [ 10, 8, 7.2 ],
			"to": [ 10.25, 10, 8.8 ],
			"faces": {
				"down": { "uv": [ 6, 8.75, 5.75, 7.1875 ], "texture": "#Glock_Fade" },
				"up": { "uv": [ 10.75, 6, 11, 6.5 ], "texture": "#Glock_Fade" },
				"north": { "uv": [ 10, 6, 10.25, 8 ], "texture": "#Glock_Fade" },
				"south": { "uv": [ 10, 6, 10.25, 8 ], "texture": "#Glock_Fade" },
				"west": { "uv": [ 7.1875, 6, 8.75, 8 ], "texture": "#Glock_Fade" },
				"east": { "uv": [ 7.1875, 6, 8.75, 8 ], "texture": "#Glock_Fade" }
			}
		},
		{
			"from": [ 10.25, 8, 7 ],
			"to": [ 10.5, 10, 9 ],
			"faces": {
				"down": { "uv": [ 5.75, 9, 5.5, 7 ], "texture": "#Glock_Fade" },
				"up": { "uv": [ 10.25, 7, 10.5, 8 ], "texture": "#Glock_Fade" },
				"north": { "uv": [ 10.25, 6, 10.5, 8 ], "texture": "#Glock_Fade" },
				"south": { "uv": [ 10.25, 6, 10.5, 8 ], "texture": "#Glock_Fade" },
				"west": { "uv": [ 10.25, 6, 10.625, 8 ], "texture": "#Glock_Fade" },
				"east": { "uv": [ 10.25, 6, 10.625, 8 ], "texture": "#Glock_Fade" }
			}
		},
		{
			"from": [ 10.5, 8, 7.2 ],
			"to": [ 10.75, 10, 8.8 ],
			"faces": {
				"down": { "uv": [ 5.5, 8.75, 5.25, 7.1875 ], "texture": "#Glock_Fade" },
				"up": { "uv": [ 10.5, 7.1875, 10.75, 7.9375 ], "texture": "#Glock_Fade" },
				"north": { "uv": [ 10.5, 6, 10.75, 8 ], "texture": "#Glock_Fade" },
				"south": { "uv": [ 10.5, 6, 10.75, 8 ], "texture": "#Glock_Fade" },
				"west": { "uv": [ 7.1875, 6, 8.75, 8 ], "texture": "#Glock_Fade" },
				"east": { "uv": [ 7.1875, 6, 8.75, 8 ], "texture": "#Glock_Fade" }
			}
		},
		{
			"from": [ 10.75, 8, 7 ],
			"to": [ 11, 10, 9 ],
			"faces": {
				"down": { "uv": [ 5.25, 9, 5, 7 ], "texture": "#Glock_Fade" },
				"up": { "uv": [ 10.75, 7, 11, 8 ], "texture": "#Glock_Fade" },
				"north": { "uv": [ 10.75, 6, 11, 8 ], "texture": "#Glock_Fade" },
				"south": { "uv": [ 10.75, 6, 11, 8 ], "texture": "#Glock_Fade" },
				"west": { "uv": [ 10.625, 6, 10.875, 8 ], "texture": "#Glock_Fade" },
				"east": { "uv": [ 10.625, 6, 10.875, 8 ], "texture": "#Glock_Fade" }
			}
		},
		{
			"from": [ 11, 8, 7.2 ],
			"to": [ 11.25, 10, 8.8 ],
			"faces": {
				"down": { "uv": [ 5, 8.75, 4.75, 7.1875 ], "texture": "#Glock_Fade" },
				"up": { "uv": [ 11, 7.1875, 11.25, 8.0625 ], "texture": "#Glock_Fade" },
				"north": { "uv": [ 11, 6, 11.25, 8 ], "texture": "#Glock_Fade" },
				"south": { "uv": [ 11, 6, 11.25, 8 ], "texture": "#Glock_Fade" },
				"west": { "uv": [ 7.1875, 6, 8.75, 8 ], "texture": "#Glock_Fade" },
				"east": { "uv": [ 7.1875, 6, 8.75, 8 ], "texture": "#Glock_Fade" }
			}
		},
		{
			"from": [ 11.25, 8, 7 ],
			"to": [ 11.5, 10, 9 ],
			"faces": {
				"down": { "uv": [ 4.75, 9, 4.5, 7 ], "texture": "#Glock_Fade" },
				"up": { "uv": [ 11.25, 7, 11.5, 8 ], "texture": "#Glock_Fade" },
				"north": { "uv": [ 11.25, 6, 11.5, 8 ], "texture": "#Glock_Fade" },
				"south": { "uv": [ 11.25, 6, 11.5, 8 ], "texture": "#Glock_Fade" },
				"west": { "uv": [ 12, 6, 12.25, 8 ], "texture": "#Glock_Fade" },
				"east": { "uv": [ 12, 6, 12.25, 8 ], "texture": "#Glock_Fade" }
			}
		},
		{
			"from": [ 11.5, 8, 7.2 ],
			"to": [ 11.75, 10, 8.8 ],
			"faces": {
				"down": { "uv": [ 4.5, 8.75, 4.25, 7.1875 ], "texture": "#Glock_Fade" },
				"up": { "uv": [ 11.5, 7.1875, 11.75, 7.9375 ], "texture": "#Glock_Fade" },
				"north": { "uv": [ 11.5, 6, 11.75, 8 ], "texture": "#Glock_Fade" },
				"south": { "uv": [ 11.5, 6, 11.75, 8 ], "texture": "#Glock_Fade" },
				"west": { "uv": [ 7.1875, 6, 8.75, 8 ], "texture": "#Glock_Fade" },
				"east": { "uv": [ 7.1875, 6, 8.75, 8 ], "texture": "#Glock_Fade" }
			}
		},
		{
			"from": [ 11.75, 8, 7 ],
			"to": [ 12, 10, 9 ],
			"faces": {
				"down": { "uv": [ 4.25, 9, 4, 7 ], "texture": "#Glock_Fade" },
				"up": { "uv": [ 11.75, 7, 12, 8 ], "texture": "#Glock_Fade" },
				"north": { "uv": [ 11.75, 6, 12, 8 ], "texture": "#Glock_Fade" },
				"south": { "uv": [ 11.75, 6, 12, 8 ], "texture": "#Glock_Fade" },
				"west": { "uv": [ 12, 6, 12.25, 7.875 ], "texture": "#Glock_Fade" },
				"east": { "uv": [ 12, 6, 12.25, 7.875 ], "texture": "#Glock_Fade" }
			}
		},
		{
			"from": [ 12, 8, 7.2 ],
			"to": [ 12.25, 10, 8.8 ],
			"faces": {
				"down": { "uv": [ 4, 8.75, 3.75, 7.1875 ], "texture": "#Glock_Fade" },
				"up": { "uv": [ 12, 7.1875, 12.25, 7.9375 ], "texture": "#Glock_Fade" },
				"north": { "uv": [ 12, 6, 12.25, 8 ], "texture": "#Glock_Fade" },
				"south": { "uv": [ 12, 6, 12.25, 8 ], "texture": "#Glock_Fade" },
				"west": { "uv": [ 7.1875, 6, 8.75, 8 ], "texture": "#Glock_Fade" },
				"east": { "uv": [ 7.1875, 6, 8.75, 8 ], "texture": "#Glock_Fade" }
			}
		},
		{
			"from": [ 12.25, 8, 7 ],
			"to": [ 12.5, 10, 9 ],
			"faces": {
				"down": { "uv": [ 3.75, 9, 3.5, 7 ], "texture": "#Glock_Fade" },
				"up": { "uv": [ 12.25, 7, 12.5, 8 ], "texture": "#Glock_Fade" },
				"north": { "uv": [ 12.25, 6, 12.5, 8 ], "texture": "#Glock_Fade" },
				"south": { "uv": [ 12.25, 6, 12.5, 8 ], "texture": "#Glock_Fade" },
				"west": { "uv": [ 13, 6, 13.25, 8 ], "texture": "#Glock_Fade" },
				"east": { "uv": [ 13, 6, 13.25, 8 ], "texture": "#Glock_Fade" }
			}
		},
		{
			"from": [ 12.5, 8, 7.2 ],
			"to": [ 12.75, 10, 8.8 ],
			"faces": {
				"down": { "uv": [ 3.5, 8.75, 3.25, 7.1875 ], "texture": "#Glock_Fade" },
				"up": { "uv": [ 12.5, 7.1875, 12.75, 8.0625 ], "texture": "#Glock_Fade" },
				"north": { "uv": [ 12.5, 6, 12.75, 8 ], "texture": "#Glock_Fade" },
				"south": { "uv": [ 12.5, 6, 12.75, 8 ], "texture": "#Glock_Fade" },
				"west": { "uv": [ 7.1875, 6, 8.75, 8 ], "texture": "#Glock_Fade" },
				"east": { "uv": [ 7.1875, 6, 8.75, 8 ], "texture": "#Glock_Fade" }
			}
		},
		{
			"from": [ 12.75, 8, 7 ],
			"to": [ 13, 10, 9 ],
			"faces": {
				"down": { "uv": [ 3.25, 9, 3, 7 ], "texture": "#Glock_Fade" },
				"up": { "uv": [ 12.75, 7, 13, 8 ], "texture": "#Glock_Fade" },
				"north": { "uv": [ 12.75, 6, 13, 8 ], "texture": "#Glock_Fade" },
				"south": { "uv": [ 12.75, 6, 13, 8 ], "texture": "#Glock_Fade" },
				"west": { "uv": [ 13.375, 6, 13.75, 7.875 ], "texture": "#Glock_Fade" },
				"east": { "uv": [ 13.375, 6, 13.75, 7.875 ], "texture": "#Glock_Fade" }
			}
		},
		{
			"from": [ 13, 8, 7.2 ],
			"to": [ 13.25, 10, 8.8 ],
			"faces": {
				"down": { "uv": [ 3, 8.75, 2.75, 7.1875 ], "texture": "#Glock_Fade" },
				"up": { "uv": [ 13, 7.1875, 13.25, 7.9375 ], "texture": "#Glock_Fade" },
				"north": { "uv": [ 13, 6, 13.25, 8 ], "texture": "#Glock_Fade" },
				"south": { "uv": [ 13, 6, 13.25, 8 ], "texture": "#Glock_Fade" },
				"west": { "uv": [ 7.1875, 6, 8.75, 8 ], "texture": "#Glock_Fade" },
				"east": { "uv": [ 7.1875, 6, 8.75, 8 ], "texture": "#Glock_Fade" }
			}
		},
		{
			"from": [ 13.25, 8, 7 ],
			"to": [ 13.9375, 10, 9 ],
			"faces": {
				"down": { "uv": [ 2.75, 9, 2.0625, 7 ], "texture": "#Glock_Fade" },
				"up": { "uv": [ 13.25, 7, 14, 8 ], "texture": "#Glock_Fade" },
				"north": { "uv": [ 13.25, 6, 13.9375, 8 ], "texture": "#Glock_Fade" },
				"south": { "uv": [ 13.25, 6, 13.9375, 8 ], "texture": "#Glock_Fade" },
				"west": { "uv": [ 14, 6, 14.25, 7.875 ], "texture": "#Glock_Fade" },
				"east": { "uv": [ 14.375, 6.625, 14.875, 7.875 ], "texture": "#Glock_Fade" }
			}
		},
		{
			"from": [ 13.25, 9.75, 7.3 ],
			"to": [ 13.75, 10.25, 7.8 ],
			"rotation": { "origin": [ 13.25, 10.25, 7.3 ], "axis": "z", "angle": 22.5 },
			"faces": {
				"down": { "uv": [ 12.875, 9.875, 13.375, 10.375 ], "texture": "#Glock_Fade" },
				"up": { "uv": [ 12.875, 9.875, 13.375, 10.375 ], "texture": "#Glock_Fade" },
				"north": { "uv": [ 3, 9.75, 3.5, 10.25 ], "texture": "#Glock_Fade" },
				"south": { "uv": [ 3, 9.75, 3.5, 10.25 ], "texture": "#Glock_Fade" },
				"west": { "uv": [ 7.5, 11, 8, 11.5 ], "texture": "#Glock_Fade" },
				"east": { "uv": [ 7.5, 11, 8, 11.5 ], "texture": "#Glock_Fade" }
			}
		},
		{
			"from": [ 1.25, 9.5, 7.75 ],
			"to": [ 2.25, 10, 8.25 ],
			"rotation": { "origin": [ 1.25, 10, 7.75 ], "axis": "z", "angle": 22.5 },
			"faces": {
				"down": { "uv": [ 1.375, 9, 2.375, 9.5 ], "texture": "#Glock_Fade" },
				"up": { "uv": [ 1.375, 9, 2.375, 9.5 ], "texture": "#Glock_Fade" },
				"north": { "uv": [ 15, 8.625, 16, 9.125 ], "texture": "#Glock_Fade" },
				"south": { "uv": [ 15, 8.625, 16, 9.125 ], "texture": "#Glock_Fade" },
				"west": { "uv": [ 6.75, 9, 7.25, 9.5 ], "texture": "#Glock_Fade" },
				"east": { "uv": [ 6.75, 9, 7.25, 9.5 ], "texture": "#Glock_Fade" }
			}
		},
		{
			"from": [ 1, 7.01, 7 ],
			"to": [ 12.5, 8.01, 9 ],
			"faces": {
				"down": { "uv": [ 15.125, 0, 16, 2.375 ], "texture": "#Glock_Fade" },
				"up": { "uv": [ 15.125, 0, 16, 2.375 ], "texture": "#Glock_Fade" },
				"north": { "uv": [ 15.25, 1.25, 16, 2.125 ], "texture": "#Glock_Fade" },
				"south": { "uv": [ 15.25, 1.25, 16, 2.125 ], "texture": "#Glock_Fade" },
				"west": { "uv": [ 15.125, 0, 16, 1 ], "texture": "#Glock_Fade" },
				"east": { "uv": [ 15.125, 0, 16, 1 ], "texture": "#Glock_Fade" }
			}
		},
		{
			"from": [ 11.4375, 6.125, 7 ],
			"to": [ 13.4375, 6.625, 9 ],
			"rotation": { "origin": [ 11.4375, 6.625, 7 ], "axis": "z", "angle": 45 },
			"faces": {
				"down": { "uv": [ 15.125, 0, 16, 2.375 ], "texture": "#Glock_Fade" },
				"up": { "uv": [ 15.125, 0, 16, 2.375 ], "texture": "#Glock_Fade" },
				"north": { "uv": [ 15.25, 1.25, 16, 2.125 ], "texture": "#Glock_Fade" },
				"south": { "uv": [ 15.25, 1.25, 16, 2.125 ], "texture": "#Glock_Fade" },
				"west": { "uv": [ 15.125, 0, 16, 1 ], "texture": "#Glock_Fade" },
				"east": { "uv": [ 15.125, 0, 16, 1 ], "texture": "#Glock_Fade" }
			}
		},
		{
			"from": [ 12.75, 7.5625, 7.01 ],
			"to": [ 13.75, 8.0625, 8.99 ],
			"rotation": { "origin": [ 12.75, 8.0625, 7.01 ], "axis": "z", "angle": 22.5 },
			"faces": {
				"down": { "uv": [ 15.125, 0, 16, 2.375 ], "texture": "#Glock_Fade" },
				"up": { "uv": [ 15.125, 0, 16, 2.375 ], "texture": "#Glock_Fade" },
				"north": { "uv": [ 15.25, 1.25, 16, 2.125 ], "texture": "#Glock_Fade" },
				"south": { "uv": [ 15.25, 1.25, 16, 2.125 ], "texture": "#Glock_Fade" },
				"west": { "uv": [ 15.125, 0, 16, 1 ], "texture": "#Glock_Fade" },
				"east": { "uv": [ 15.125, 0, 16, 1 ], "texture": "#Glock_Fade" }
			}
		},
		{
			"from": [ 12.375, 6.5, 7 ],
			"to": [ 12.875, 8, 9 ],
			"faces": {
				"down": { "uv": [ 15.125, 0, 16, 2.375 ], "texture": "#Glock_Fade" },
				"up": { "uv": [ 15.125, 0, 16, 2.375 ], "texture": "#Glock_Fade" },
				"north": { "uv": [ 15.25, 1.25, 16, 2.125 ], "texture": "#Glock_Fade" },
				"south": { "uv": [ 15.25, 1.25, 16, 2.125 ], "texture": "#Glock_Fade" },
				"west": { "uv": [ 15.125, 0, 16, 1 ], "texture": "#Glock_Fade" },
				"east": { "uv": [ 15.125, 0, 16, 1 ], "texture": "#Glock_Fade" }
			}
		},
		{
			"from": [ 6.5, 5, 7.25 ],
			"to": [ 7, 7, 8.75 ],
			"faces": {
				"down": { "uv": [ 15.125, 0, 16, 2.375 ], "texture": "#Glock_Fade" },
				"up": { "uv": [ 15.125, 0, 16, 2.375 ], "texture": "#Glock_Fade" },
				"north": { "uv": [ 15.25, 1.25, 16, 2.125 ], "texture": "#Glock_Fade" },
				"south": { "uv": [ 15.25, 1.25, 16, 2.125 ], "texture": "#Glock_Fade" },
				"west": { "uv": [ 15.125, 0, 16, 1 ], "texture": "#Glock_Fade" },
				"east": { "uv": [ 15.125, 0, 16, 1 ], "texture": "#Glock_Fade" }
			}
		},
		{
			"from": [ 6.5, 4.5, 7.25 ],
			"to": [ 10.5, 5, 8.75 ],
			"faces": {
				"down": { "uv": [ 15.125, 0, 16, 2.375 ], "texture": "#Glock_Fade" },
				"up": { "uv": [ 15.125, 0, 16, 2.375 ], "texture": "#Glock_Fade" },
				"north": { "uv": [ 15.25, 1.25, 16, 2.125 ], "texture": "#Glock_Fade" },
				"south": { "uv": [ 15.25, 1.25, 16, 2.125 ], "texture": "#Glock_Fade" },
				"west": { "uv": [ 15.125, 0, 16, 1 ], "texture": "#Glock_Fade" },
				"east": { "uv": [ 15.125, 0, 16, 1 ], "texture": "#Glock_Fade" }
			}
		},
		{
			"from": [ 0.5, 8.5, 7.5 ],
			"to": [ 1, 9.5, 8.5 ],
			"faces": {
				"down": { "uv": [ 0.25, 10.875, 0.75, 11.875 ], "texture": "#Glock_Fade" },
				"up": { "uv": [ 0.25, 10.875, 0.75, 11.875 ], "texture": "#Glock_Fade" },
				"north": { "uv": [ 15, 8.875, 15.5, 9.875 ], "texture": "#Glock_Fade" },
				"south": { "uv": [ 15, 8.875, 15.5, 9.875 ], "texture": "#Glock_Fade" },
				"west": { "uv": [ 7, 8.875, 8, 9.875 ], "texture": "#Glock_Fade" },
				"east": { "uv": [ 7, 8.875, 8, 9.875 ], "texture": "#Glock_Fade" }
			}
		},
		{
			"from": [ 6.25, 6.875, 7.25 ],
			"to": [ 7.25, 7.375, 8.75 ],
			"rotation": { "origin": [ 6.25, 7.375, 7.25 ], "axis": "z", "angle": -45 },
			"faces": {
				"down": { "uv": [ 15.125, 0, 16, 2.375 ], "texture": "#Glock_Fade" },
				"up": { "uv": [ 15.125, 0, 16, 2.375 ], "texture": "#Glock_Fade" },
				"north": { "uv": [ 15.25, 1.25, 16, 2.125 ], "texture": "#Glock_Fade" },
				"south": { "uv": [ 15.25, 1.25, 16, 2.125 ], "texture": "#Glock_Fade" },
				"west": { "uv": [ 15.125, 0, 16, 1 ], "texture": "#Glock_Fade" },
				"east": { "uv": [ 15.125, 0, 16, 1 ], "texture": "#Glock_Fade" }
			}
		},
		{
			"from": [ 9.125, 1.75, 7 ],
			"to": [ 12.625, 6.75, 9 ],
			"rotation": { "origin": [ 9.125, 6.75, 7 ], "axis": "z", "angle": 22.5 },
			"faces": {
				"down": { "uv": [ 15.125, 0, 16, 2.375 ], "texture": "#Glock_Fade" },
				"up": { "uv": [ 15.125, 0, 16, 2.375 ], "texture": "#Glock_Fade" },
				"north": { "uv": [ 15.25, 1.25, 16, 2.125 ], "texture": "#Glock_Fade" },
				"south": { "uv": [ 15.25, 1.25, 16, 2.125 ], "texture": "#Glock_Fade" },
				"west": { "uv": [ 15.125, 0, 16, 1 ], "texture": "#Glock_Fade" },
				"east": { "uv": [ 15.125, 0, 16, 1 ], "texture": "#Glock_Fade" }
			}
		},
		{
			"from": [ 8.8125, 6.9375, 7 ],
			"to": [ 9.8125, 7.4375, 9 ],
			"rotation": { "origin": [ 8.8125, 7.4375, 7 ], "axis": "z", "angle": -22.5 },
			"faces": {
				"down": { "uv": [ 15.125, 0, 16, 2.375 ], "texture": "#Glock_Fade" },
				"up": { "uv": [ 15.125, 0, 16, 2.375 ], "texture": "#Glock_Fade" },
				"north": { "uv": [ 15.25, 1.25, 16, 2.125 ], "texture": "#Glock_Fade" },
				"south": { "uv": [ 15.25, 1.25, 16, 2.125 ], "texture": "#Glock_Fade" },
				"west": { "uv": [ 15.125, 0, 16, 1 ], "texture": "#Glock_Fade" },
				"east": { "uv": [ 15.125, 0, 16, 1 ], "texture": "#Glock_Fade" }
			}
		},
		{
			"from": [ 8.8125, 5.375, 7.25 ],
			"to": [ 9.3125, 7.375, 8.25 ],
			"rotation": { "origin": [ 8.8125, 7.375, 7.25 ], "axis": "z", "angle": -22.5 },
			"faces": {
				"down": { "uv": [ 13.25, 11.125, 13.75, 12.125 ], "texture": "#Glock_Fade" },
				"up": { "uv": [ 13.25, 11.125, 13.75, 12.125 ], "texture": "#Glock_Fade" },
				"north": { "uv": [ 13.625, 9.5, 14.125, 11.5 ], "texture": "#Glock_Fade" },
				"south": { "uv": [ 13.625, 9.5, 14.125, 11.5 ], "texture": "#Glock_Fade" },
				"west": { "uv": [ 9.625, 10.625, 10.625, 12.625 ], "texture": "#Glock_Fade" },
				"east": { "uv": [ 9.625, 10.625, 10.625, 12.625 ], "texture": "#Glock_Fade" }
			}
		},
		{
			"from": [ 6.875, 5.125, 7.25 ],
			"to": [ 7.875, 5.625, 8.75 ],
			"rotation": { "origin": [ 6.875, 5.625, 7.25 ], "axis": "z", "angle": -45 },
			"faces": {
				"down": { "uv": [ 15.125, 0, 16, 2.375 ], "texture": "#Glock_Fade" },
				"up": { "uv": [ 15.125, 0, 16, 2.375 ], "texture": "#Glock_Fade" },
				"north": { "uv": [ 15.25, 1.25, 16, 2.125 ], "texture": "#Glock_Fade" },
				"south": { "uv": [ 15.25, 1.25, 16, 2.125 ], "texture": "#Glock_Fade" },
				"west": { "uv": [ 15.125, 0, 16, 1 ], "texture": "#Glock_Fade" },
				"east": { "uv": [ 15.125, 0, 16, 1 ], "texture": "#Glock_Fade" }
			}
		},
		{
			"from": [ 9.5, 4.5, 7.25 ],
			"to": [ 10.5, 5, 8.75 ],
			"rotation": { "origin": [ 9.5, 5, 7.25 ], "axis": "z", "angle": -22.5 },
			"faces": {
				"down": { "uv": [ 15.125, 0, 16, 2.375 ], "texture": "#Glock_Fade" },
				"up": { "uv": [ 15.125, 0, 16, 2.375 ], "texture": "#Glock_Fade" },
				"north": { "uv": [ 15.25, 1.25, 16, 2.125 ], "texture": "#Glock_Fade" },
				"south": { "uv": [ 15.25, 1.25, 16, 2.125 ], "texture": "#Glock_Fade" },
				"west": { "uv": [ 15.125, 0, 16, 1 ], "texture": "#Glock_Fade" },
				"east": { "uv": [ 15.125, 0, 16, 1 ], "texture": "#Glock_Fade" }
			}
		},
		{
			"from": [ 9.6875, 4.875, 7.25 ],
			"to": [ 10.1875, 5.875, 8.75 ],
			"rotation": { "origin": [ 9.6875, 5.875, 7.25 ], "axis": "z", "angle": -22.5 },
			"faces": {
				"down": { "uv": [ 15.125, 0, 16, 2.375 ], "texture": "#Glock_Fade" },
				"up": { "uv": [ 15.125, 0, 16, 2.375 ], "texture": "#Glock_Fade" },
				"north": { "uv": [ 15.25, 1.25, 16, 2.125 ], "texture": "#Glock_Fade" },
				"south": { "uv": [ 15.25, 1.25, 16, 2.125 ], "texture": "#Glock_Fade" },
				"west": { "uv": [ 15.125, 0, 16, 1 ], "texture": "#Glock_Fade" },
				"east": { "uv": [ 15.125, 0, 16, 1 ], "texture": "#Glock_Fade" }
			}
		},
		{
			"from": [ 11.125, 1.3275, 7 ],
			"to": [ 13.625, 2.1875, 9 ],
			"rotation": { "origin": [ 11.125, 2.1875, 7 ], "axis": "z", "angle": 22.5 },
			"faces": {
				"down": { "uv": [ 8.5, 13.5, 11, 15.5 ], "texture": "#Glock_Fade" },
				"up": { "uv": [ 8.5, 13.5, 11, 15.5 ], "texture": "#Glock_Fade" },
				"north": { "uv": [ 2.375, 13.8125, 4.875, 14.625 ], "texture": "#Glock_Fade" },
				"south": { "uv": [ 2.375, 13.8125, 4.875, 14.625 ], "texture": "#Glock_Fade" },
				"west": { "uv": [ 7, 13.8125, 9, 14.625 ], "texture": "#Glock_Fade" },
				"east": { "uv": [ 7, 13.8125, 9, 14.625 ], "texture": "#Glock_Fade" }
			}
		},
		{
			"from": [ 13.375, 2.625, 7 ],
			"to": [ 14.345, 3.125, 9 ],
			"rotation": { "origin": [ 13.375, 3.125, 7 ], "axis": "z", "angle": 22.5 },
			"faces": {
				"down": { "uv": [ 15.125, 0, 16, 2.375 ], "texture": "#Glock_Fade" },
				"up": { "uv": [ 15.125, 0, 16, 2.375 ], "texture": "#Glock_Fade" },
				"north": { "uv": [ 15.25, 1.25, 16, 2.125 ], "texture": "#Glock_Fade" },
				"south": { "uv": [ 15.25, 1.25, 16, 2.125 ], "texture": "#Glock_Fade" },
				"west": { "uv": [ 15.125, 0, 16, 1 ], "texture": "#Glock_Fade" },
				"east": { "uv": [ 15.125, 0, 16, 1 ], "texture": "#Glock_Fade" }
			}
		},
		{
			"from": [ 13.4, 2.1875, 7 ],
			"to": [ 14.4, 2.6875, 9 ],
			"rotation": { "origin": [ 13.4, 2.6875, 7 ], "axis": "z", "angle": 45 },
			"faces": {
				"down": { "uv": [ 15.125, 0, 16, 2.375 ], "texture": "#Glock_Fade" },
				"up": { "uv": [ 15.125, 0, 16, 2.375 ], "texture": "#Glock_Fade" },
				"north": { "uv": [ 15.25, 1.25, 16, 2.125 ], "texture": "#Glock_Fade" },
				"south": { "uv": [ 15.25, 1.25, 16, 2.125 ], "texture": "#Glock_Fade" },
				"west": { "uv": [ 15.125, 0, 16, 1 ], "texture": "#Glock_Fade" },
				"east": { "uv": [ 15.125, 0, 16, 1 ], "texture": "#Glock_Fade" }
			}
		},
		{
			"from": [ 13, 8, 7 ],
			"to": [ 13.5, 8.375, 9 ],
			"faces": {
				"down": { "uv": [ 3, 9, 2.5, 7 ], "texture": "#Glock_Fade" },
				"up": { "uv": [ 13, 7, 13.5, 8 ], "texture": "#Glock_Fade" },
				"north": { "uv": [ 13, 7.625, 13.5, 8 ], "texture": "#Glock_Fade" },
				"south": { "uv": [ 13, 7.625, 13.5, 8 ], "texture": "#Glock_Fade" },
				"west": { "uv": [ 7, 7.625, 9, 8 ], "texture": "#Glock_Fade" },
				"east": { "uv": [ 7, 7.625, 9, 8 ], "texture": "#Glock_Fade" }
			}
		},
		{
			"from": [ 8.25, 7.0625, 8.8125 ],
			"to": [ 8.5625, 7.75, 9.3125 ],
			"rotation": { "origin": [ 8.25, 7.75, 8.8125 ], "axis": "z", "angle": 22.5 },
			"faces": {
				"down": { "uv": [ 7.75, 9.3125, 7.4375, 8.8125 ], "texture": "#Glock_Fade" },
				"up": { "uv": [ 8.25, 8.8125, 8.5625, 9.3125 ], "texture": "#Glock_Fade" },
				"north": { "uv": [ 7.4375, 8.25, 7.75, 8.9375 ], "texture": "#Glock_Fade" },
				"south": { "uv": [ 8.25, 8.25, 8.5625, 8.9375 ], "texture": "#Glock_Fade" },
				"west": { "uv": [ 8.8125, 8.25, 9.3125, 8.9375 ], "texture": "#Glock_Fade" },
				"east": { "uv": [ 6.6875, 8.25, 7.1875, 8.9375 ], "texture": "#Glock_Fade" }
			}
		},
		{
			"from": [ 13.25, 9.75, 8.3 ],
			"to": [ 13.75, 10.25, 8.8 ],
			"rotation": { "origin": [ 13.25, 10.25, 8.3 ], "axis": "z", "angle": 22.5 },
			"faces": {
				"down": { "uv": [ 2.75, 8.75, 2.25, 8.25 ], "texture": "#Glock_Fade" },
				"up": { "uv": [ 13.25, 8.25, 13.75, 8.75 ], "texture": "#Glock_Fade" },
				"north": { "uv": [ 2.75, 8.875, 3.25, 9.375 ], "texture": "#Glock_Fade" },
				"south": { "uv": [ 2.75, 8.875, 3.25, 9.375 ], "texture": "#Glock_Fade" },
				"west": { "uv": [ 7.625, 9.875, 8.125, 10.375 ], "texture": "#Glock_Fade" },
				"east": { "uv": [ 7.625, 9.875, 8.125, 10.375 ], "texture": "#Glock_Fade" }
			}
		},
		{
			"from": [ 10, 7.52, 8.1875 ],
			"to": [ 10.875, 8.02, 9.1875 ],
			"faces": {
				"down": { "uv": [ 9.75, 7.5, 10.625, 8 ], "texture": "#Glock_Fade" },
				"up": { "uv": [ 9.75, 7.5, 10.625, 8 ], "texture": "#Glock_Fade" },
				"north": { "uv": [ 10, 7.5, 10.875, 8 ], "texture": "#Glock_Fade" },
				"south": { "uv": [ 10, 7.5, 10.875, 8 ], "texture": "#Glock_Fade" },
				"west": { "uv": [ 9.75, 7.5, 10.625, 8 ], "texture": "#Glock_Fade" },
				"east": { "uv": [ 9.75, 7.5, 10.625, 8 ], "texture": "#Glock_Fade" }
			}
		}
	],
	"display": {
		"thirdperson_righthand": {
			"rotation":  [ 180, -90, 176 ],
			"translation":  [ 0, 1.8, 0 ],
			"scale":  [ 0.75, 0.75, 0.75 ]
		},
		"firstperson_righthand": {
			"rotation":  [ 0, -101, 0 ],
			"translation":  [ 4.4999, 1.3, -5.46 ]
		},
		"gui": {
			"rotation":  [ 0, 90, 0 ],
			"scale":  [ 1.5, 1.5, 1.5 ]
		},
		"ground": {
			"scale":  [ 0.8, 0.8, 0.8 ]
		}
	}
}